"Name","Color","Rarity","# Seen","ALSA","# Picked","ATA","# GP","% GP","GP WR","# OH","OH WR","# GD","GD WR","# GIH","GIH WR","# GNS","GNS WR","IIH"
"Anticausal Vestige","","R","7034","1.16","6386","1.16","38478","99.0%","56.2%","6729","59.3%","10072","59.8%","16801","59.6%","21423","53.5%","6.1pp"
"Tezzeret, Cruel Captain","","M","4334","1.42","2432","1.40","12206","85.8%","51.6%","2168","50.3%","3257","53.2%","5425","52.0%","6692","51.2%","0.8pp"
"All-Fates Stalker","W","U","41976","2.66","16374","2.96","89338","89.0%","56.9%","15461","58.0%","22729","61.0%","38190","59.8%","50806","54.6%","5.2pp"
"Astelli Reclaimer","W","R","11314","1.89","5199","1.92","26047","83.3%","55.3%","4321","52.3%","6789","59.0%","11110","56.4%","14841","54.3%","2.1pp"
"Auxiliary Boosters","W","C","236739","6.03","32246","8.76","98849","51.0%","54.9%","16358","52.5%","24395","56.2%","40753","54.7%","57879","54.9%","-0.2pp"
"Banishing Light","W","C","131117","3.15","35010","3.94","191461","89.7%","56.2%","32623","55.5%","48662","59.9%","81285","58.1%","109155","54.6%","3.5pp"
"Beyond the Quiet","W","R","12884","2.19","5606","2.17","26493","77.9%","56.2%","4667","56.2%","6922","60.8%","11589","58.9%","14765","54.0%","4.9pp"
"Brightspear Zealot","W","C","250744","6.93","28241","10.32","42720","25.5%","53.2%","7424","53.3%","10423","53.3%","17847","53.3%","24776","53.1%","0.2pp"
"Cosmogrand Zenith","W","M","3712","1.30","2938","1.27","17028","93.2%","57.8%","2997","64.8%","4623","63.0%","7620","63.7%","9396","52.9%","10.8pp"
"Dawnstrike Vanguard","W","U","65350","4.06","9620","5.62","38833","68.6%","52.8%","6344","50.3%","9611","53.8%","15955","52.4%","22878","53.1%","-0.7pp"
"Dockworker Drone","W","C","207165","4.97","31472","7.12","150756","80.4%","54.4%","27192","54.2%","35830","54.3%","63022","54.3%","87469","54.5%","-0.2pp"
"Dual-Sun Adepts","W","U","58164","3.54","13088","4.48","68274","86.8%","55.3%","11995","55.8%","16904","57.3%","28899","56.7%","39306","54.3%","2.4pp"
"Dual-Sun Technique","W","U","87790","5.56","9976","8.38","22756","38.7%","52.4%","3557","47.3%","5539","53.7%","9096","51.2%","13661","53.2%","-2.0pp"
"Emergency Eject","W","U","63575","3.90","9066","5.48","38330","71.8%","53.0%","6488","50.1%","9768","56.0%","16256","53.6%","21972","52.5%","1.1pp"
"Exalted Sunborn","W","M","4475","1.49","2738","1.46","14009","86.1%","54.9%","2434","56.1%","3601","59.6%","6035","58.2%","7959","52.3%","5.9pp"
"Exosuit Savior","W","C","236784","6.03","30032","8.87","83629","46.6%","53.5%","14260","49.7%","21201","54.5%","35461","52.6%","47986","54.2%","-1.6pp"
"Flight-Deck Coordinator","W","C","247637","6.72","27070","10.14","44240","27.2%","53.8%","7862","54.0%","10718","54.0%","18580","54.0%","25626","53.7%","0.3pp"
"Focus Fire","W","C","199700","4.78","34834","6.57","166873","78.9%","55.8%","28712","55.2%","41537","58.3%","70249","57.0%","95961","54.9%","2.2pp"
"Haliya, Guided by Light","W","R","11129","1.87","5397","1.88","29257","89.4%","56.4%","5066","59.2%","7261","59.5%","12327","59.4%","16316","53.4%","6.0pp"
"Hardlight Containment","W","R","21683","3.37","3759","4.27","12234","55.3%","52.0%","2076","48.9%","3080","55.3%","5156","52.7%","7018","51.3%","1.5pp"
"Honor","W","U","73989","4.40","12784","5.99","57763","74.9%","55.3%","9919","55.0%","14383","56.1%","24302","55.7%","33277","55.0%","0.7pp"
"Honored Knight-Captain","W","U","65604","3.92","13578","5.08","65996","80.7%","55.4%","11931","56.3%","15861","56.4%","27792","56.3%","38074","54.7%","1.6pp"
"Knight Luminary","W","C","191661","4.58","38132","6.07","192007","82.8%","56.2%","34499","57.5%","47359","57.6%","81858","57.6%","109557","55.1%","2.4pp"
"Lightstall Inquisitor","W","R","19395","2.92","5011","3.45","25103","82.9%","56.3%","4477","61.8%","5847","54.4%","10324","57.6%","13106","54.4%","3.2pp"
"Lumen-Class Frigate","W","R","9524","1.59","5948","1.56","32767","90.3%","56.5%","5854","62.0%","8104","58.7%","13958","60.1%","18226","53.4%","6.7pp"
"Luxknight Breacher","W","C","240052","6.43","23890","9.94","39922","28.1%","51.9%","6548","49.5%","9800","53.3%","16348","51.8%","23566","51.9%","-0.1pp"
"Pinnacle Starcage","W","R","25967","4.00","3245","5.94","4913","25.9%","48.9%","819","44.2%","1163","48.9%","1982","47.0%","2914","50.4%","-3.4pp"
"Pulsar Squadron Ace","W","U","66158","3.93","13445","5.14","64888","80.1%","55.3%","11894","56.3%","15615","55.5%","27509","55.9%","37232","54.8%","1.1pp"
"Radiant Strike","W","C","211081","5.14","29412","7.52","115227","65.6%","54.6%","19158","52.8%","29335","57.5%","48493","55.6%","66273","53.7%","1.9pp"
"Rayblade Trooper","W","U","47847","2.93","14405","3.47","78975","89.7%","56.5%","13934","58.4%","19515","58.5%","33449","58.4%","45317","55.1%","3.4pp"
"Reroute Systems","W","U","78878","4.80","10918","6.92","36730","57.0%","52.9%","6265","51.3%","9071","53.0%","15336","52.3%","21327","53.3%","-1.0pp"
"Rescue Skiff","W","U","69774","4.26","10605","5.96","37515","59.9%","52.8%","6082","49.2%","9512","55.4%","15594","53.0%","21318","52.5%","0.5pp"
"Scout for Survivors","W","U","83312","5.35","10214","7.89","22584","37.5%","52.0%","3641","47.3%","5673","54.3%","9314","51.6%","13249","52.3%","-0.7pp"
"Seam Rip","W","U","78791","4.81","10822","6.91","35335","55.0%","54.1%","6264","53.5%","8759","54.7%","15023","54.2%","20201","53.9%","0.3pp"
"The Seriema","W","R","16648","2.69","4964","2.86","18535","62.2%","56.7%","3181","61.0%","4498","59.6%","7679","60.2%","10547","53.9%","6.2pp"
"Squire's Lightblade","W","C","257033","7.40","27730","11.01","22115","13.4%","53.6%","3702","52.4%","5147","54.3%","8849","53.5%","13198","53.6%","-0.1pp"
"Starfield Shepherd","W","U","44141","2.75","15359","3.14","81983","87.5%","56.1%","14772","58.4%","20560","58.9%","35332","58.7%","46360","54.1%","4.6pp"
"Starfighter Pilot","W","C","227109","5.65","31201","8.16","119159","64.1%","54.2%","21639","55.3%","28113","53.1%","49752","54.1%","69237","54.3%","-0.2pp"
"Starport Security","W","C","243538","6.49","28827","9.63","67230","38.9%","54.2%","11786","53.9%","15126","53.4%","26912","53.6%","35608","53.5%","0.1pp"
"Sunstar Chaplain","W","R","11111","1.85","6041","1.83","33515","89.8%","57.1%","6268","60.7%","8336","60.2%","14604","60.4%","18873","54.6%","5.8pp"
"Sunstar Expansionist","W","U","51929","3.11","14378","3.78","77884","89.2%","55.9%","14144","58.8%","19021","56.4%","33165","57.4%","44549","54.7%","2.7pp"
"Sunstar Lightsmith","W","U","54709","3.39","14694","4.09","76034","85.9%","55.3%","12969","55.8%","19666","57.1%","32635","56.6%","43255","54.3%","2.3pp"
"Wedgelight Rammer","W","U","67302","4.05","10238","5.62","40767","67.4%","53.6%","6909","53.0%","10121","55.1%","17030","54.3%","23036","52.8%","1.4pp"
"Weftblade Enhancer","W","C","223814","5.57","27931","8.28","92704","56.0%","53.5%","15209","50.9%","22882","55.0%","38091","53.4%","54445","53.5%","-0.1pp"
"Zealous Display","W","C","260002","7.82","28186","11.46","17624","10.5%","52.8%","2892","48.3%","4118","54.5%","7010","51.9%","10588","53.4%","-1.5pp"
"Annul","U","U","93010","6.04","12076","8.81","21641","30.7%","50.6%","3751","48.3%","5916","52.6%","9667","51.0%","11843","50.1%","0.8pp"
"Atomic Microsizer","U","U","101935","7.03","12505","10.37","7814","10.5%","49.9%","1331","45.3%","2078","50.9%","3409","48.7%","4334","50.7%","-2.0pp"
"Cerebral Download","U","U","76732","4.68","16583","6.16","69212","70.3%","54.0%","11217","51.0%","19604","56.9%","30821","54.7%","37797","53.2%","1.5pp"
"Cloudsculpt Technician","U","C","249864","6.87","31171","10.17","48305","26.3%","50.9%","8354","49.7%","13672","52.7%","22026","51.6%","26004","50.3%","1.2pp"
"Codecracker Hound","U","U","46627","2.93","21400","3.24","119469","91.0%","56.8%","21426","58.4%","33806","60.7%","55232","59.8%","62903","54.0%","5.8pp"
"Consult the Star Charts","U","R","14375","2.31","6485","2.40","33341","87.2%","54.4%","5890","52.6%","9417","58.3%","15307","56.2%","17721","52.8%","3.4pp"
"Cryogen Relic","U","C","159504","3.86","48266","4.69","258117","88.0%","56.3%","46771","58.6%","72451","59.5%","119222","59.2%","135676","53.7%","5.5pp"
"Cryoshatter","U","C","198286","4.75","42434","6.44","210063","82.5%","54.9%","36194","53.3%","59287","57.6%","95481","56.0%","112091","53.9%","2.1pp"
"Desculpting Blast","U","U","66512","3.88","17988","4.88","91701","84.4%","55.6%","16000","53.6%","25907","59.4%","41907","57.2%","48767","54.0%","3.2pp"
"Divert Disaster","U","C","239811","6.37","38075","9.00","103105","45.2%","55.0%","18245","56.2%","28400","56.8%","46645","56.5%","55719","53.6%","2.9pp"
"Emissary Escort","U","R","16477","2.65","6047","2.92","30250","84.8%","53.6%","5429","56.0%","8392","56.8%","13821","56.5%","16121","51.1%","5.4pp"
"Gigastorm Titan","U","U","60298","3.68","18423","4.45","94007","85.0%","55.2%","15862","55.7%","27163","57.6%","43025","56.9%","50035","53.6%","3.3pp"
"Illvoi Galeblade","U","C","241498","6.30","37143","9.01","105764","47.9%","54.0%","19022","53.6%","27942","55.3%","46964","54.6%","55162","52.9%","1.8pp"
"Illvoi Infiltrator","U","U","63090","3.88","16049","4.84","76086","80.2%","53.8%","13394","54.8%","21432","54.4%","34826","54.5%","40677","53.0%","1.6pp"
"Illvoi Light Jammer","U","C","251401","7.02","34850","10.13","57367","27.6%","53.9%","9543","53.6%","15561","56.2%","25104","55.2%","31823","52.7%","2.5pp"
"Illvoi Operative","U","C","238031","6.33","35318","9.11","101625","48.4%","53.2%","17972","53.7%","27694","54.1%","45666","54.0%","55270","52.6%","1.4pp"
"Lost in Space","U","C","243411","6.35","44103","8.79","136596","51.6%","55.3%","22684","52.5%","38866","58.4%","61550","56.2%","73710","54.3%","1.9pp"
"Mechan Assembler","U","U","55453","3.41","14050","4.26","68844","83.6%","52.8%","11450","51.1%","19960","55.8%","31410","54.0%","36620","51.5%","2.5pp"
"Mechan Navigator","U","U","72802","4.31","16074","5.68","76504","80.2%","54.1%","13858","55.4%","20915","55.2%","34773","55.3%","41229","53.1%","2.2pp"
"Mechan Shieldmate","U","C","248546","6.76","33983","9.86","75554","37.6%","52.0%","13496","51.6%","20447","53.3%","33943","52.6%","41154","51.5%","1.1pp"
"Mechanozoa","U","C","217964","5.42","35198","7.83","136853","65.3%","53.8%","23115","50.9%","39076","57.3%","62191","55.0%","72585","52.5%","2.5pp"
"Mental Modulation","U","C","247461","6.72","34326","9.75","66210","32.6%","53.0%","11391","50.6%","18352","55.1%","29743","53.4%","35903","52.5%","0.8pp"
"Mm'menon, the Right Hand","U","R","15289","2.55","4756","2.72","20915","77.1%","50.4%","3500","45.1%","6108","52.9%","9608","50.0%","11060","50.3%","-0.3pp"
"Moonlit Meditation","U","R","33035","4.97","4173","7.63","3125","12.8%","44.5%","516","37.6%","788","40.5%","1304","39.3%","1792","48.0%","-8.7pp"
"Mouth of the Storm","U","U","67562","4.14","20967","4.84","103456","81.1%","56.2%","17119","53.8%","29820","60.7%","46939","58.2%","55545","54.4%","3.8pp"
"Nanoform Sentinel","U","C","247259","6.86","34874","9.88","75669","36.5%","52.9%","13306","52.2%","20990","55.2%","34296","54.0%","40925","51.8%","2.2pp"
"Quantum Riddler","U","M","4217","1.43","3371","1.40","19711","92.5%","58.5%","3635","64.2%","5590","67.1%","9225","66.0%","10278","51.7%","14.3pp"
"Scour for Scrap","U","U","95154","6.16","15095","8.70","31647","35.4%","52.6%","5245","49.3%","9270","56.8%","14515","54.1%","16867","51.1%","2.9pp"
"Selfcraft Mechan","U","C","213580","5.29","44208","7.09","192169","72.5%","55.0%","32591","54.4%","55826","57.7%","88417","56.5%","101560","53.5%","3.0pp"
"Sinister Cryologist","U","C","261808","7.95","31250","11.55","11028","5.9%","49.6%","1905","45.3%","2893","51.0%","4798","48.7%","6177","50.2%","-1.4pp"
"Specimen Freighter","U","U","60487","3.64","15733","4.60","76030","80.9%","54.5%","12511","52.3%","21507","58.0%","34018","55.9%","40688","52.9%","3.0pp"
"Starbreach Whale","U","C","229611","5.78","34233","8.45","102107","50.4%","52.7%","18108","49.7%","28902","55.5%","47010","53.2%","54237","52.1%","1.2pp"
"Starfield Vocalist","U","R","13768","2.28","6156","2.38","31277","86.8%","53.1%","5351","51.0%","8814","55.8%","14165","54.0%","16845","52.1%","1.9pp"
"Starwinder","U","R","12398","2.13","6196","2.14","31696","86.4%","54.0%","5082","53.5%","9103","57.9%","14185","56.3%","17177","51.8%","4.5pp"
"Steelswarm Operator","U","U","75590","4.57","12712","6.32","50889","68.3%","51.9%","9140","51.7%","14152","53.0%","23292","52.5%","27251","51.4%","1.1pp"
"Synthesizer Labship","U","R","13675","2.24","6605","2.30","34403","86.3%","55.8%","6071","62.1%","9817","57.6%","15888","59.3%","17889","52.7%","6.6pp"
"Tractor Beam","U","U","52824","3.25","19292","3.77","102993","88.1%","55.8%","17177","55.5%","29794","59.8%","46971","58.2%","54592","53.4%","4.9pp"
"Unravel","U","U","91257","5.72","15480","7.98","41155","44.5%","54.1%","7064","52.3%","11999","56.7%","19063","55.1%","21717","52.9%","2.2pp"
"Uthros Psionicist","U","U","63362","3.95","18111","4.71","89909","82.6%","55.3%","15954","57.2%","25111","57.5%","41065","57.3%","48110","53.5%","3.9pp"
"Uthros Scanship","U","U","69783","4.15","16266","5.38","74206","76.1%","54.9%","12550","54.7%","21007","57.7%","33557","56.6%","39779","53.3%","3.3pp"
"Weftwalking","U","M","8773","2.85","3877","2.94","18830","80.7%","55.4%","3024","53.3%","5556","61.4%","8580","58.5%","10010","52.6%","5.9pp"
"Alpharael, Stonechosen","B","M","8553","2.80","1649","3.37","5594","58.6%","51.1%","985","47.9%","1479","54.0%","2464","51.5%","3093","50.4%","1.2pp"
"Archenemy's Charm","B","R","18880","2.90","5118","3.41","24142","78.7%","54.7%","4240","53.4%","6517","59.8%","10757","57.3%","13259","52.6%","4.7pp"
"Beamsaw Prospector","B","C","205214","4.84","35051","6.85","172399","82.5%","54.2%","31329","55.3%","45523","54.9%","76852","55.0%","95125","53.5%","1.5pp"
"Blade of the Swarm","B","U","96035","6.18","10531","9.53","12456","19.9%","52.1%","2175","51.6%","3158","53.5%","5333","52.7%","7102","51.7%","1.1pp"
"Chorale of the Void","B","R","19777","3.16","4107","3.89","14957","63.7%","49.9%","2544","43.8%","4045","51.3%","6589","48.4%","8310","51.0%","-2.6pp"
"Comet Crawler","B","C","245884","6.64","29671","9.91","60673","34.5%","53.1%","10528","52.8%","16269","54.2%","26797","53.7%","33795","52.7%","0.9pp"
"Dark Endurance","B","C","259852","7.74","28047","11.50","10382","6.2%","51.3%","1722","47.0%","2537","55.5%","4259","52.1%","6114","50.7%","1.3pp"
"Decode Transmissions","B","C","242715","6.46","31199","9.52","73347","39.7%","52.5%","12620","48.9%","19363","55.0%","31983","52.6%","41110","52.5%","0.1pp"
"Depressurize","B","C","150144","3.61","38339","4.63","201820","87.7%","54.9%","35692","54.9%","54067","57.6%","89759","56.5%","110914","53.6%","3.0pp"
"Dubious Delicacy","B","U","40784","2.54","17928","2.82","99551","90.6%","56.7%","17580","58.6%","26866","61.9%","44446","60.6%","54291","53.5%","7.1pp"
"Elegy Acolyte","B","R","8748","1.51","6381","1.48","36656","91.9%","58.4%","6365","65.2%","10109","65.3%","16474","65.2%","20142","52.8%","12.4pp"
"Embrace Oblivion","B","C","209242","5.11","34537","7.21","147030","71.4%","54.2%","24737","52.0%","40222","57.4%","64959","55.3%","81420","53.3%","2.0pp"
"Entropic Battlecruiser","B","R","17320","2.75","3897","3.18","16154","71.8%","51.1%","2768","50.8%","4315","53.2%","7083","52.3%","8963","50.1%","2.2pp"
"Faller's Faithful","B","U","59035","3.53","16559","4.31","86483","86.5%","55.8%","14928","56.0%","23294","59.3%","38222","58.0%","47825","54.1%","3.8pp"
"Fell Gravship","B","U","58167","3.48","17657","4.17","91063","84.4%","56.7%","15494","57.9%","24766","61.2%","40260","59.9%","50029","54.1%","5.8pp"
"Gravblade Heavy","B","C","257346","7.42","28206","11.06","21910","13.1%","50.8%","3638","49.6%","6008","51.2%","9646","50.6%","12250","50.7%","-0.1pp"
"Gravkill","B","C","127865","3.14","36414","3.92","196672","90.5%","54.4%","33120","52.9%","53529","58.2%","86649","56.2%","108733","52.9%","3.3pp"
"Gravpack Monoist","B","C","205540","4.90","37556","6.76","184851","81.7%","55.2%","32489","56.2%","49696","57.2%","82185","56.8%","102059","53.8%","3.0pp"
"Hullcarver","B","C","220288","5.39","31777","7.88","133234","70.2%","54.5%","23679","56.0%","34951","55.4%","58630","55.7%","71586","53.4%","2.3pp"
"Hylderblade","B","U","82958","5.11","12925","7.20","42314","55.2%","53.4%","7337","53.7%","10914","54.5%","18251","54.2%","23876","52.8%","1.3pp"
"Hymn of the Faller","B","U","74947","4.43","13076","6.10","54541","71.2%","52.7%","9775","48.5%","14427","54.3%","24202","52.0%","30168","53.2%","-1.3pp"
"Insatiable Skittermaw","B","C","242714","6.54","26440","9.97","50086","32.0%","51.7%","8696","51.1%","12911","52.2%","21607","51.8%","28456","51.7%","0.1pp"
"Lightless Evangel","B","U","71596","4.25","12620","5.81","54712","73.1%","53.9%","9660","53.6%","14327","54.3%","23987","54.0%","30635","53.7%","0.3pp"
"Monoist Circuit-Feeder","B","U","49897","3.08","17505","3.52","92028","86.5%","56.1%","15190","54.8%","25810","61.3%","41000","58.9%","50307","53.6%","5.3pp"
"Monoist Sentry","B","U","89083","5.41","12317","7.92","33614","46.2%","52.3%","6180","52.1%","8870","53.7%","15050","53.1%","17984","51.4%","1.7pp"
"Perigee Beckoner","B","C","225817","5.74","36337","8.05","137902","63.3%","55.1%","22791","54.1%","37086","58.2%","59877","56.7%","77657","53.8%","2.9pp"
"Requiem Monolith","B","R","14913","2.44","6411","2.55","31617","84.0%","53.4%","5453","55.2%","8298","55.1%","13751","55.1%","17717","52.0%","3.1pp"
"Scrounge for Eternity","B","U","88137","5.55","11398","8.20","23244","34.8%","50.9%","3872","46.3%","6252","51.2%","10124","49.3%","13063","52.0%","-2.6pp"
"Sothera, the Supervoid","B","M","5774","1.91","2404","1.94","11695","84.0%","52.0%","2052","50.4%","3187","54.8%","5239","53.1%","6398","51.2%","1.9pp"
"Sunset Saboteur","B","R","16965","2.71","6996","2.83","36153","84.4%","57.0%","6510","63.9%","9581","59.4%","16091","61.2%","19921","53.5%","7.7pp"
"Susurian Dirgecraft","B","U","68956","4.02","11568","5.59","47775","69.8%","53.2%","7966","50.9%","13004","56.0%","20970","54.1%","26406","52.4%","1.7pp"
"Susurian Voidborn","B","U","61935","3.68","12509","4.84","61141","82.7%","53.8%","10582","53.2%","16105","57.0%","26687","55.5%","34293","52.4%","3.1pp"
"Swarm Culler","B","C","236555","6.08","31439","8.93","92299","49.7%","52.5%","15554","50.1%","24667","53.9%","40221","52.4%","51956","52.5%","-0.1pp"
"Temporal Intervention","B","C","261280","7.96","29682","11.62","10606","6.0%","49.9%","1816","49.1%","2806","51.4%","4622","50.5%","5949","49.3%","1.2pp"
"Timeline Culler","B","U","69837","4.17","12139","5.69","56164","77.4%","55.1%","10083","56.1%","14392","56.5%","24475","56.3%","31662","54.2%","2.1pp"
"Tragic Trajectory","B","U","45564","2.80","15299","3.32","83227","90.3%","55.1%","14421","54.6%","22550","59.0%","36971","57.3%","45732","53.3%","4.0pp"
"Umbral Collar Zealot","B","U","55141","3.31","15518","4.02","83998","90.0%","55.4%","15119","57.2%","21925","57.2%","37044","57.2%","46744","54.0%","3.2pp"
"Virus Beetle","B","C","180549","4.22","41354","5.56","218046","87.8%","55.2%","39375","56.9%","58487","57.1%","97862","57.1%","119168","53.6%","3.5pp"
"Voidforged Titan","B","U","61582","3.68","12828","4.83","62504","82.6%","53.1%","10497","51.1%","17210","54.5%","27707","53.2%","34644","52.8%","0.4pp"
"Vote Out","B","U","47525","2.91","14242","3.53","75512","88.8%","54.4%","12747","53.7%","20325","57.5%","33072","56.0%","42021","53.1%","2.9pp"
"Xu-Ifit, Osteoharmonist","B","R","13511","2.22","5037","2.37","25750","85.8%","54.0%","4490","53.2%","6883","56.2%","11373","55.0%","14234","53.1%","1.9pp"
"Zero Point Ballad","B","R","11379","1.91","6134","1.92","32497","88.6%","54.6%","5509","54.4%","8893","59.1%","14402","57.3%","17890","52.4%","4.8pp"
"Bombard","R","C","176207","4.23","31707","5.79","151772","80.7%","53.6%","26211","52.0%","37668","55.5%","63879","54.0%","87388","53.3%","0.7pp"
"Cut Propulsion","R","U","65001","3.87","14803","4.99","74661","84.0%","54.9%","12595","52.9%","18623","57.7%","31218","55.8%","43190","54.2%","1.5pp"
"Debris Field Crusher","R","U","75157","4.50","10605","6.42","37605","59.9%","52.5%","6150","49.5%","9464","54.1%","15614","52.3%","21774","52.6%","-0.3pp"
"Devastating Onslaught","R","M","7797","2.63","2412","2.79","11228","78.5%","54.0%","1865","52.4%","2839","58.8%","4704","56.3%","6468","52.2%","4.1pp"
"Drill Too Deep","R","C","257730","7.77","25868","11.68","9276","6.1%","48.8%","1617","47.1%","2194","49.8%","3811","48.6%","5463","48.9%","-0.2pp"
"Frontline War-Rager","R","C","250791","7.12","26009","10.79","29451","19.1%","51.0%","5121","49.7%","6936","50.2%","12057","50.0%","17400","51.7%","-1.7pp"
"Full Bore","R","U","97659","6.40","11064","9.69","13813","21.2%","51.4%","2347","50.1%","3205","51.8%","5552","51.1%","8255","51.6%","-0.5pp"
"Galvanizing Sawship","R","U","80393","4.93","11455","6.94","37711","56.2%","51.4%","6123","46.1%","9428","52.2%","15551","49.8%","22023","52.5%","-2.6pp"
"Invasive Maneuvers","R","U","54357","3.26","13566","4.10","71190","87.3%","54.8%","12469","54.8%","17443","56.3%","29912","55.7%","41021","54.2%","1.4pp"
"Kav Landseeker","R","C","216932","5.32","37116","7.40","165378","73.4%","55.4%","28092","54.7%","40698","56.9%","68790","56.0%","96390","54.9%","1.1pp"
"Kavaron Harrier","R","U","71178","4.22","12541","5.70","58045","77.5%","54.5%","10440","58.1%","13987","54.8%","24427","56.2%","32915","53.2%","3.0pp"
"Kavaron Skywarden","R","C","252400","7.12","27869","10.66","33613","20.3%","51.5%","5455","49.7%","8412","52.5%","13867","51.4%","19811","51.5%","-0.1pp"
"Kavaron Turbodrone","R","C","244645","6.62","29208","9.77","63915","37.1%","52.1%","11260","51.0%","15222","52.0%","26482","51.6%","37391","52.4%","-0.8pp"
"Lithobraking","R","U","92220","5.92","11049","8.85","18485","28.1%","51.9%","3348","49.6%","4441","53.4%","7789","51.8%","10667","52.0%","-0.2pp"
"Melded Moxite","R","C","234232","6.02","33940","8.60","114681","56.4%","54.6%","20749","55.4%","28315","56.0%","49064","55.8%","65342","53.8%","2.0pp"
"Memorial Team Leader","R","U","82598","5.03","11052","7.33","35892","54.6%","53.0%","6033","51.7%","8610","54.3%","14643","53.2%","21260","52.9%","0.3pp"
"Memorial Vault","R","R","35607","5.23","4829","7.75","5684","19.7%","50.7%","930","47.3%","1510","53.2%","2440","50.9%","3227","50.5%","0.5pp"
"Molecular Modifier","R","U","75539","4.54","12256","6.28","53352","72.3%","54.1%","9497","54.2%","12799","55.1%","22296","54.7%","31023","53.6%","1.1pp"
"Nebula Dragon","R","C","249121","6.78","37348","9.55","88577","39.4%","55.3%","14508","52.4%","22247","58.7%","36755","56.3%","51696","54.6%","1.6pp"
"Nova Hellkite","R","R","9496","1.62","6182","1.58","34010","89.7%","56.3%","5933","60.0%","8528","63.1%","14461","61.9%","19467","52.1%","9.8pp"
"Orbital Plunge","R","C","168942","4.07","41109","5.21","214960","86.1%","55.6%","36585","55.1%","54092","58.6%","90677","57.2%","123461","54.3%","2.9pp"
"Oreplate Pangolin","R","C","206590","5.08","31056","7.22","142664","77.5%","53.5%","25589","54.4%","35159","53.0%","60748","53.6%","81612","53.4%","0.2pp"
"Pain for All","R","R","15052","2.46","5035","2.64","25008","83.7%","53.3%","4035","52.2%","6264","56.4%","10299","54.7%","14637","52.3%","2.5pp"
"Plasma Bolt","R","C","180025","4.32","33331","5.88","159628","79.9%","54.5%","27766","53.6%","39483","56.4%","67249","55.2%","91941","53.9%","1.3pp"
"Possibility Technician","R","R","12095","2.03","6760","2.00","37111","88.5%","57.0%","6707","61.7%","9232","60.4%","15939","61.0%","21071","54.0%","6.9pp"
"Red Tiger Mechan","R","C","243231","6.79","24365","10.37","36603","25.5%","49.9%","6460","47.5%","8839","51.3%","15299","49.7%","21253","50.0%","-0.2pp"
"Remnant Elemental","R","U","95179","5.99","11949","8.87","25904","36.4%","53.3%","4760","54.4%","5955","51.4%","10715","52.7%","15194","53.7%","-1.0pp"
"Rig for War","R","C","262044","7.98","28071","11.68","12150","7.2%","52.0%","1999","48.8%","2819","52.0%","4818","50.7%","7334","52.8%","-2.2pp"
"Roving Actuator","R","U","92564","5.82","11781","8.54","21338","30.4%","52.6%","3639","50.1%","5367","54.3%","9006","52.6%","12284","52.6%","-0.1pp"
"Ruinous Rampage","R","U","104192","7.28","10632","11.15","1398","2.2%","44.8%","233","","332","","565","43.0%","835","46.1%","-3.1pp"
"Rust Harvester","R","R","13890","2.34","5679","2.40","28438","83.6%","54.9%","5017","57.7%","7326","58.2%","12343","58.0%","15651","52.2%","5.9pp"
"Slagdrill Scrapper","R","C","246329","6.69","31456","9.76","76897","41.0%","53.4%","13579","53.1%","19126","54.1%","32705","53.7%","43447","53.0%","0.7pp"
"Systems Override","R","U","92338","5.92","12607","8.51","26076","34.6%","54.1%","4332","52.2%","6747","58.1%","11079","55.8%","14976","52.9%","2.9pp"
"Tannuk, Steadfast Second","R","M","5785","1.97","2207","2.03","10625","81.5%","53.5%","1828","51.4%","2598","55.6%","4426","53.9%","6171","53.1%","0.8pp"
"Terminal Velocity","R","R","34532","5.26","4451","7.92","3603","13.7%","48.5%","567","47.1%","954","45.7%","1521","46.2%","2077","50.0%","-3.8pp"
"Terrapact Intimidator","R","U","44052","2.73","16760","3.07","91787","89.0%","56.6%","16956","62.2%","22457","57.4%","39413","59.5%","52224","54.4%","5.1pp"
"Territorial Bruntar","R","U","68061","4.13","14161","5.38","64081","75.6%","54.6%","10420","52.9%","16279","57.8%","26699","55.9%","37506","53.7%","2.2pp"
"Vaultguard Trooper","R","U","86689","5.24","12568","7.53","43154","57.7%","53.7%","7023","51.6%","10631","55.1%","17654","53.7%","25566","53.7%","-0.0pp"
"Warmaker Gunship","R","R","11873","2.03","6303","1.99","33957","88.0%","56.7%","5675","60.8%","8776","61.5%","14451","61.2%","19224","53.3%","7.9pp"
"Weapons Manufacturing","R","R","25170","4.04","3923","5.41","8813","38.8%","48.6%","1567","47.9%","2322","47.8%","3889","47.9%","4902","49.2%","-1.3pp"
"Weftstalker Ardent","R","U","72418","4.39","10539","6.19","43337","69.6%","53.0%","7450","52.2%","10596","54.4%","18046","53.5%","25237","52.6%","0.9pp"
"Zookeeper Mechan","R","C","182541","4.39","37466","5.80","193817","85.7%","55.0%","35218","57.5%","46915","54.7%","82133","55.9%","111308","54.3%","1.6pp"
"Atmospheric Greenhouse","G","U","61307","3.78","10775","4.90","45132","71.4%","51.8%","7383","47.8%","10821","52.6%","18204","50.6%","26599","52.6%","-1.9pp"
"Bioengineered Future","G","R","22253","3.56","3095","4.89","8486","48.2%","47.9%","1452","44.5%","1971","42.7%","3423","43.4%","5055","50.8%","-7.4pp"
"Biosynthic Burst","G","C","224983","5.61","37972","7.81","156452","67.8%","56.0%","26129","55.1%","37511","58.4%","63640","57.1%","92435","55.3%","1.8pp"
"Blooming Stinger","G","C","217074","5.24","36486","7.45","176783","79.7%","55.5%","32047","55.8%","41260","55.1%","73307","55.4%","103098","55.5%","-0.1pp"
"Broodguard Elite","G","U","57572","3.50","10987","4.59","52578","81.0%","53.0%","8872","51.0%","12741","54.4%","21613","53.0%","30874","53.0%","-0.1pp"
"Close Encounter","G","U","55600","3.30","16701","4.05","90728","89.7%","55.7%","15357","54.5%","22287","57.9%","37644","56.5%","52748","55.1%","1.4pp"
"Diplomatic Relations","G","C","171701","4.04","41632","5.25","223430","88.1%","55.8%","37218","54.8%","54716","58.2%","91934","56.8%","130536","55.0%","1.8pp"
"Drix Fatemaker","G","C","205624","4.97","30405","7.28","126003","69.5%","53.8%","21128","52.4%","29804","54.9%","50932","53.8%","74910","53.7%","0.1pp"
"Edge Rover","G","U","56688","3.41","17787","4.09","99530","91.3%","56.3%","18262","60.0%","22716","55.0%","40978","57.2%","57169","55.6%","1.6pp"
"Eumidian Terrabotanist","G","U","59189","3.53","16377","4.41","90592","90.9%","55.7%","16437","57.8%","21017","55.3%","37454","56.4%","52960","55.2%","1.2pp"
"Eusocial Engineering","G","U","54583","3.37","15927","3.99","81904","85.0%","55.7%","14179","57.4%","19876","56.7%","34055","57.0%","47499","54.6%","2.3pp"
"Famished Worldsire","G","M","7270","2.41","2767","2.53","13266","80.2%","54.1%","2129","52.7%","3360","57.1%","5489","55.4%","7760","53.2%","2.2pp"
"Frenzied Baloth","G","R","17350","2.75","4476","3.21","21837","81.7%","54.9%","3934","57.1%","5026","55.4%","8960","56.2%","12858","53.9%","2.2pp"
"Fungal Colossus","G","C","246408","6.60","38105","9.29","91307","39.6%","55.0%","15254","53.3%","23262","57.0%","38516","55.5%","52582","54.5%","1.0pp"
"Galactic Wayfarer","G","C","144897","3.53","48259","4.19","274303","92.3%","56.7%","49527","59.1%","66064","57.8%","115591","58.4%","157776","55.4%","2.9pp"
"Gene Pollinator","G","C","185134","4.47","46532","5.68","243117","85.6%","56.2%","44654","60.7%","56043","54.4%","100697","57.2%","139922","55.4%","1.9pp"
"Germinating Wurm","G","C","223337","5.44","39390","7.59","169620","70.7%","55.7%","29261","53.8%","41730","57.4%","70991","55.9%","98285","55.6%","0.3pp"
"Glacier Godmaw","G","U","39770","2.59","18190","2.76","103968","92.5%","56.9%","16937","56.0%","26390","61.9%","43327","59.6%","60373","54.8%","4.8pp"
"Harmonious Grovestrider","G","U","56712","3.47","17489","4.08","96383","89.8%","56.5%","16167","56.8%","23837","59.3%","40004","58.3%","56177","55.2%","3.1pp"
"Hemosymbic Mite","G","U","87887","5.50","11729","8.06","28875","41.0%","54.0%","5169","56.2%","6426","51.9%","11595","53.8%","16677","54.0%","-0.2pp"
"Icecave Crasher","G","C","228590","5.76","40047","7.95","165561","67.7%","56.0%","28055","55.0%","40096","56.5%","68151","55.9%","97172","56.0%","-0.1pp"
"Icetill Explorer","G","R","15615","2.55","4523","2.75","19832","74.9%","52.5%","3438","51.3%","4804","53.0%","8242","52.3%","11566","52.5%","-0.2pp"
"Intrepid Tenderfoot","G","C","226215","5.61","34855","8.14","141330","67.4%","55.0%","25765","54.4%","32814","54.5%","58579","54.4%","82651","55.3%","-0.9pp"
"Larval Scoutlander","G","U","44563","2.78","17621","3.11","98635","90.9%","56.8%","17635","60.4%","23662","58.1%","41297","59.1%","56812","55.1%","4.0pp"
"Lashwhip Predator","G","U","65026","3.86","13268","5.07","62566","78.8%","54.5%","10342","52.7%","15498","55.8%","25840","54.5%","36719","54.3%","0.2pp"
"Loading Zone","G","R","26861","4.24","3150","6.57","4540","24.9%","46.7%","769","40.7%","1025","42.7%","1794","41.9%","2744","49.9%","-8.1pp"
"Meltstrider Eulogist","G","U","72426","4.34","11741","6.00","47289","67.6%","53.9%","8301","53.0%","10885","53.6%","19186","53.3%","28106","54.3%","-1.0pp"
"Meltstrider's Gear","G","C","262426","7.99","28007","11.83","5742","3.4%","49.6%","927","48.9%","1318","48.6%","2245","48.7%","3486","50.2%","-1.5pp"
"Meltstrider's Resolve","G","U","53876","3.27","17747","3.84","98350","90.2%","56.9%","16331","57.7%","23784","59.5%","40115","58.8%","57820","55.5%","3.3pp"
"Mightform Harmonizer","G","R","10919","1.83","6217","1.81","34641","92.1%","56.2%","5800","57.1%","8553","60.7%","14353","59.3%","20207","54.0%","5.3pp"
"Ouroboroid","G","M","3934","1.35","3075","1.33","18051","91.8%","59.5%","3210","65.0%","4642","66.1%","7852","65.7%","10176","54.5%","11.1pp"
"Pull Through the Weft","G","U","98795","6.43","12217","9.61","13442","18.5%","51.4%","2205","46.6%","3325","52.9%","5530","50.4%","7905","52.2%","-1.8pp"
"Sami's Curiosity","G","C","211517","5.18","36927","7.24","155490","70.3%","54.3%","28466","55.7%","36823","52.6%","65289","54.0%","89860","54.6%","-0.6pp"
"Seedship Agrarian","G","U","40309","2.53","15783","2.88","89296","93.6%","55.6%","15221","56.4%","22113","57.2%","37334","56.9%","51819","54.6%","2.3pp"
"Seedship Impact","G","U","70377","4.21","16797","5.28","83448","81.3%","56.2%","14647","56.7%","19996","58.4%","34643","57.6%","48507","55.1%","2.5pp"
"Shattered Wings","G","C","250537","6.88","30179","10.25","44736","24.7%","52.3%","7480","49.2%","10829","53.7%","18309","51.8%","26334","52.6%","-0.7pp"
"Skystinger","G","C","248571","6.70","30600","10.00","53298","28.8%","53.5%","9439","52.1%","12444","53.5%","21883","52.9%","31377","53.9%","-1.0pp"
"Sledge-Class Seedship","G","R","16579","2.67","5115","2.95","24332","78.9%","55.5%","4167","57.8%","5813","56.1%","9980","56.8%","14273","54.5%","2.3pp"
"Tapestry Warden","G","U","83072","5.06","12159","7.31","37323","51.6%","53.2%","6235","52.0%","9142","55.0%","15377","53.8%","21916","52.8%","1.0pp"
"Terrasymbiosis","G","R","21732","3.57","3620","4.67","9805","47.4%","49.9%","1667","47.2%","2240","48.4%","3907","47.9%","5891","51.3%","-3.4pp"
"Thawbringer","G","C","234995","6.00","41853","8.22","167736","65.7%","56.0%","29788","55.0%","39959","55.9%","69747","55.5%","97666","56.3%","-0.8pp"
"Alpharael, Dreaming Acolyte","UB","U","81102","5.13","15661","6.65","54425","57.8%","55.5%","9622","58.0%","16818","58.9%","26440","58.6%","27403","52.3%","6.3pp"
"Biomechan Engineer","UG","U","51093","3.39","20520","3.61","105505","83.7%","57.3%","18471","61.5%","27261","59.6%","45732","60.4%","58883","54.8%","5.6pp"
"Biotech Specialist","RG","R","15945","2.72","6303","2.71","30593","79.3%","56.7%","5495","60.7%","7218","59.3%","12713","59.9%","17822","54.4%","5.4pp"
"Cosmogoyf","BG","R","38250","5.63","4690","8.90","308","1.1%","","68","","66","","134","","176","",""
"Dyadrine, Synthesis Amalgam","WG","R","16234","2.76","5732","2.87","25755","74.7%","55.8%","4387","56.8%","6152","58.4%","10539","57.7%","14819","54.0%","3.7pp"
"Genemorph Imago","UG","R","14874","2.64","7536","2.53","38442","83.3%","57.2%","6726","62.6%","10033","61.7%","16759","62.1%","21395","53.3%","8.8pp"
"Haliya, Ascendant Cadet","WG","U","65128","4.26","12536","5.43","49595","66.1%","54.7%","8190","54.3%","11560","56.0%","19750","55.3%","28919","53.9%","1.4pp"
"Infinite Guideline Station","WUBRG","R","38403","5.46","4839","8.49","1353","4.7%","48.9%","209","","348","","557","47.0%","786","50.0%","-3.0pp"
"Interceptor Mechan","BR","U","64568","4.00","14926","5.09","64249","71.9%","54.6%","10717","54.2%","16713","59.4%","27430","57.4%","36697","52.5%","4.9pp"
"Mm'menon, Uthros Exile","UR","U","71745","4.71","13102","6.11","45808","59.8%","52.1%","7912","52.4%","12690","53.5%","20602","53.1%","24825","51.2%","1.9pp"
"Mutinous Massacre","BR","R","18807","3.21","6342","3.28","27023","70.1%","55.5%","4569","55.0%","7157","62.5%","11726","59.6%","15255","52.4%","7.1pp"
"Pinnacle Emissary","UR","R","16131","2.86","5800","2.85","24455","71.4%","53.8%","4252","56.8%","6665","59.1%","10917","58.2%","13131","49.8%","8.4pp"
"Ragost, Deft Gastronaut","WR","R","28142","4.38","4123","6.27","8205","34.3%","51.0%","1484","50.3%","1915","50.9%","3399","50.7%","4679","50.8%","-0.2pp"
"Sami, Ship's Engineer","WR","U","82189","5.26","11045","7.58","26759","40.9%","51.9%","4544","51.5%","6327","51.5%","10871","51.5%","15344","51.8%","-0.3pp"
"Sami, Wildcat Captain","WR","M","10495","3.49","1841","4.40","4623","43.4%","49.6%","762","50.4%","1095","51.5%","1857","51.1%","2683","48.3%","2.7pp"
"Seedship Broodtender","BG","U","80845","5.11","14903","6.81","46349","52.2%","53.6%","8079","54.5%","11369","55.5%","19448","55.1%","26828","52.6%","2.5pp"
"Singularity Rupture","UB","R","17499","2.96","6407","3.04","28415","73.9%","54.9%","4829","55.6%","8686","61.1%","13515","59.2%","14535","50.9%","8.2pp"
"Space-Time Anomaly","WU","R","30580","4.70","4799","6.70","8611","30.6%","53.0%","1479","52.0%","2563","58.4%","4042","56.1%","4472","49.8%","6.2pp"
"Station Monitor","WU","U","66441","4.30","16971","5.06","69321","67.6%","55.8%","12398","58.5%","19549","59.6%","31947","59.2%","36558","52.7%","6.5pp"
"Syr Vondam, Sunstar Exemplar","WB","R","15538","2.70","5435","2.66","23915","72.3%","56.4%","4324","60.4%","5929","59.6%","10253","59.9%","13269","53.2%","6.8pp"
"Syr Vondam, the Lucent","WB","U","66064","4.26","13205","5.35","52098","65.7%","55.6%","8627","54.9%","13275","59.5%","21902","57.7%","29306","53.6%","4.0pp"
"Tannuk, Memorial Ensign","RG","U","63226","4.05","14599","5.03","65296","74.2%","55.4%","11474","55.3%","14980","56.6%","26454","56.0%","38771","55.0%","1.1pp"
"All-Fates Scroll","","U","88322","5.11","14927","7.19","46278","52.5%","53.4%","8462","52.4%","12004","55.8%","20466","54.4%","25589","52.5%","1.9pp"
"Bygone Colossus","","U","100640","6.41","10251","9.98","7200","12.0%","46.9%","1131","39.8%","1792","47.4%","2923","44.5%","4253","48.6%","-4.1pp"
"Chrome Companion","","C","255602","6.87","32282","10.13","59185","30.5%","53.2%","10873","51.8%","14973","54.0%","25846","53.1%","33193","53.2%","-0.2pp"
"Dauntless Scrapbot","","U","59167","3.34","18562","4.19","107230","95.1%","55.6%","19616","56.3%","27460","57.1%","47076","56.8%","59650","54.6%","2.2pp"
"Dawnsire, Sunstar Dreadnought","","M","5503","1.88","2014","1.85","9617","82.4%","50.3%","1576","46.7%","2535","51.0%","4111","49.3%","5399","51.0%","-1.6pp"
"The Dominion Bracelet","","M","10820","3.44","1854","4.49","5049","47.1%","51.3%","883","45.1%","1211","52.5%","2094","49.4%","2935","52.5%","-3.2pp"
"The Endstone","","M","4928","1.69","3324","1.67","18367","93.2%","54.2%","3079","52.8%","4993","57.6%","8072","55.8%","10105","52.9%","2.9pp"
"The Eternity Elevator","","R","34863","5.12","3639","8.44","1013","4.7%","45.0%","157","","272","","429","","579","46.8%",""
"Extinguisher Battleship","","R","8985","1.51","6271","1.49","34665","91.5%","55.2%","5696","53.6%","9430","60.1%","15126","57.7%","19170","53.2%","4.5pp"
"Nutrient Block","","C","239694","5.91","38514","8.52","122897","53.4%","54.0%","22703","53.5%","33243","55.7%","55946","54.8%","66008","53.3%","1.5pp"
"Pinnacle Kill-Ship","","C","219898","5.10","39057","7.31","167815","71.1%","55.3%","27630","52.7%","44226","59.0%","71856","56.6%","94335","54.2%","2.4pp"
"Survey Mechan","","U","83068","4.84","16297","6.47","59142","60.3%","54.7%","9995","52.5%","15597","58.6%","25592","56.2%","33051","53.4%","2.9pp"
"Thaumaton Torpedo","","C","263283","7.60","29339","11.20","16430","9.4%","50.7%","2808","45.5%","4217","52.0%","7025","49.4%","9241","51.6%","-2.2pp"
"Thrumming Hivepool","","R","8659","1.47","6726","1.44","39625","97.7%","55.4%","6879","56.5%","10594","58.4%","17473","57.7%","21862","53.5%","4.2pp"
"Virulent Silencer","","U","96668","6.18","9796","9.69","13065","22.7%","49.4%","2399","48.7%","3354","50.9%","5753","50.0%","7259","49.0%","1.0pp"
"Wurmwall Sweeper","","C","235085","5.66","32501","8.47","98793","50.7%","53.6%","18424","52.9%","24811","54.3%","43235","53.7%","54683","53.5%","0.1pp"
"Adagia, Windswept Bastion","","M","8983","2.86","2379","3.37","11171","77.4%","55.0%","2061","57.7%","2790","54.2%","4851","55.7%","6272","54.5%","1.3pp"
"Breeding Pool","","R","29453","3.70","6371","5.04","25735","67.1%","55.5%","4848","56.9%","6235","55.8%","11083","56.3%","14545","54.8%","1.5pp"
"Command Bridge","","C","233504","5.65","35636","8.27","142806","68.0%","52.8%","26869","52.2%","35442","52.7%","62311","52.5%","80151","53.1%","-0.6pp"
"Evendo, Waking Haven","","M","13591","4.02","1714","6.10","4189","41.4%","52.9%","766","55.5%","1016","49.9%","1782","52.3%","2390","53.1%","-0.8pp"
"Godless Shrine","","R","30065","3.82","4992","5.55","15920","53.6%","54.1%","2908","55.0%","3981","52.4%","6889","53.5%","8997","54.5%","-1.0pp"
"Kavaron, Memorial World","","M","10382","3.15","2838","3.65","13531","78.4%","56.2%","2445","60.7%","3313","57.2%","5758","58.7%","7728","54.4%","4.3pp"
"Sacred Foundry","","R","32816","4.17","4806","6.24","12180","42.8%","52.8%","2179","52.5%","2923","52.3%","5102","52.4%","7067","53.0%","-0.7pp"
"Secluded Starforge","","R","16055","2.55","7123","2.70","41238","95.5%","56.3%","7019","56.4%","10825","60.2%","17844","58.7%","23131","54.3%","4.4pp"
"Stomping Ground","","R","29877","3.79","5623","5.29","21250","63.0%","55.0%","4108","57.5%","4965","54.1%","9073","55.6%","12144","54.4%","1.2pp"
"Susur Secundi, Void Altar","","M","10812","3.27","2131","4.22","9057","71.8%","53.1%","1698","51.9%","2389","51.9%","4087","51.9%","4939","54.1%","-2.2pp"
"Uthros, Titanic Godcore","","M","14673","4.25","1858","6.61","3217","29.7%","49.3%","601","48.3%","868","51.4%","1469","50.1%","1733","48.8%","1.3pp"
"Watery Grave","","R","30277","3.84","6091","5.33","22194","61.3%","53.7%","4085","55.2%","6128","54.0%","10213","54.5%","11859","53.0%","1.4pp"
"Warping Wail","","U","4400","5.97","438","","85","3.2%","","10","","22","","32","","54","",""
"Deafening Silence","W","U","4409","6.28","457","","42","1.6%","","8","","13","","21","","21","",""
"Robe of Stars","W","R","3449","4.66","364","","462","21.9%","","77","","103","","180","","282","",""
"Nexus of Fate","U","M","1929","2.82","593","3.12","2549","73.8%","52.8%","458","","1019","56.5%","1477","53.9%","1367","52.4%","1.5pp"
"Paradox Haze","U","U","4612","6.57","517","10.40","15","0.5%","","0","","5","","5","","10","",""
"Darkness","B","C","4419","6.22","397","","202","8.6%","","29","","47","","76","","126","",""
"Magus of the Moon","R","R","4030","5.47","442","","56","2.2%","","6","","14","","20","","36","",""
"Burgeoning","G","R","3299","4.91","351","","300","14.0%","","48","","82","","130","","170","",""
"Green Sun's Zenith","G","R","2146","3.05","595","3.49","2578","73.4%","56.6%","458","","822","60.8%","1280","57.9%","1491","56.3%","1.6pp"
"Sliver Overlord","WUBRG","M","3588","4.83","416","","31","1.2%","","6","","10","","16","","12","",""
"Ancient Tomb","","M","1966","2.66","540","2.92","2628","82.1%","54.6%","458","","625","50.2%","1083","54.0%","1531","55.0%","-1.0pp"
"Blast Zone","","R","8062","4.68","1122","6.91","3887","56.6%","55.1%","622","55.1%","1039","56.1%","1661","55.7%","2213","54.7%","1.1pp"
"Blinkmoth Nexus","","R","6487","3.77","1592","4.71","8068","84.2%","56.3%","1359","53.9%","2162","60.0%","3521","57.7%","4515","55.1%","2.5pp"
"Bonders' Enclave","","R","6857","3.89","1352","5.13","6761","84.2%","54.5%","1088","55.3%","1740","56.7%","2828","56.2%","3905","53.2%","3.0pp"
"Cascading Cataracts","","R","9104","5.62","1054","8.69","1256","20.0%","48.6%","204","","310","","514","48.8%","738","48.5%","0.3pp"
"Cathedral of War","","R","7430","4.29","1411","5.70","6603","78.3%","55.7%","1136","57.7%","1675","54.7%","2811","55.9%","3771","55.5%","0.4pp"
"Celestial Colonnade","","R","5197","3.27","1773","3.66","7791","73.1%","56.4%","1494","62.1%","2116","60.6%","3610","61.2%","4111","51.9%","9.4pp"
"Contested War Zone","","R","10388","6.55","1252","10.11","177","2.3%","","27","","56","","83","","92","",""
"Creeping Tar Pit","","R","5715","3.40","1803","3.98","8060","74.2%","55.6%","1528","61.7%","2295","58.6%","3823","59.8%","4170","51.6%","8.3pp"
"Crystal Quarry","","R","9883","6.04","1216","9.35","877","12.0%","53.0%","181","","198","","379","","494","",""
"Deserted Temple","","M","4964","6.33","587","9.74","211","6.1%","","34","","56","","90","","119","",""
"Dust Bowl","","M","4880","5.98","542","9.39","306","9.3%","","38","","68","","106","","199","",""
"Echoing Deeps","","R","10433","6.32","1237","9.70","524","7.0%","49.0%","89","","149","","238","","285","",""
"Eldrazi Temple","","R","9668","6.08","1129","9.36","228","3.4%","","44","","45","","89","","138","",""
"Endless Sands","","R","9561","5.69","1165","8.65","2219","32.6%","51.1%","351","","613","53.8%","964","52.2%","1247","50.3%","1.9pp"
"Gemstone Caverns","","M","3501","4.24","411","","970","39.1%","53.2%","166","","250","","416","","555","53.7%",""
"Grove of the Burnwillows","","M","3834","4.45","628","6.27","2095","56.2%","52.6%","407","","514","54.5%","921","53.9%","1169","51.7%","2.2pp"
"High Market","","R","9848","5.72","1284","8.69","2509","32.8%","53.3%","430","","632","56.2%","1062","53.1%","1438","53.3%","-0.2pp"
"Hissing Quagmire","","R","6895","4.08","1502","5.42","5325","58.6%","55.2%","1053","58.8%","1256","55.2%","2309","56.8%","3001","54.0%","2.8pp"
"Inkmoth Nexus","","M","3136","3.78","538","5.05","2408","73.9%","54.8%","415","","632","53.2%","1047","51.9%","1350","57.3%","-5.5pp"
"Inventors' Fair","","M","3575","4.22","563","6.12","2038","61.2%","53.7%","321","","546","55.7%","867","55.7%","1158","52.2%","3.5pp"
"Lavaclaw Reaches","","R","6658","3.97","1461","5.15","6002","67.2%","56.2%","1041","59.8%","1477","59.0%","2518","59.3%","3470","54.0%","5.3pp"
"Lotus Field","","M","3814","4.59","427","","815","33.0%","46.4%","151","","213","","364","","448","",""
"Lumbering Falls","","R","6416","3.79","1666","4.73","7307","73.3%","54.6%","1324","59.5%","1807","54.2%","3131","56.5%","4129","53.2%","3.3pp"
"Mana Confluence","","M","3198","3.79","478","","1727","62.2%","52.6%","338","","427","","765","54.5%","957","51.0%","3.5pp"
"Meteor Crater","","R","8473","5.17","853","8.46","1045","20.9%","49.4%","180","","270","","450","","593","50.3%",""
"Mirrorpool","","M","4206","5.13","472","","669","24.2%","51.0%","114","","189","","303","","363","",""
"Mutavault","","M","2724","3.27","729","4.05","3877","87.9%","55.4%","628","56.8%","1015","56.8%","1643","56.8%","2215","54.3%","2.5pp"
"Mystifying Maze","","R","8552","4.99","1005","7.74","2613","44.5%","52.4%","432","","693","54.1%","1125","53.3%","1470","51.7%","1.6pp"
"Needle Spires","","R","7468","4.34","1196","6.23","3410","48.5%","53.2%","657","59.7%","770","56.1%","1427","57.7%","1977","50.0%","7.8pp"
"Nesting Grounds","","R","9975","5.97","1120","9.20","1051","15.7%","49.3%","174","","255","","429","","621","49.1%",""
"Petrified Field","","M","5152","6.51","632","9.92","247","6.5%","","48","","56","","104","","143","",""
"Plaza of Heroes","","M","4755","5.58","534","8.87","396","12.6%","","78","","107","","185","","211","",""
"Power Depot","","R","8402","5.01","1025","7.66","2486","42.7%","50.4%","445","","637","49.9%","1082","49.4%","1385","51.1%","-1.7pp"
"Raging Ravine","","R","5492","3.40","1483","4.16","6684","74.6%","55.8%","1256","58.3%","1545","58.0%","2801","58.1%","3860","54.0%","4.1pp"
"Reflecting Pool","","M","3749","4.36","420","","1441","58.1%","51.9%","245","","361","","606","52.8%","832","51.3%","1.5pp"
"Scavenger Grounds","","R","10292","6.57","1250","10.10","430","5.8%","","72","","101","","173","","256","",""
"Shambling Vent","","R","6676","3.84","1360","5.08","5047","62.1%","55.6%","979","57.3%","1229","57.5%","2208","57.4%","2826","54.4%","3.1pp"
"Stirring Wildwood","","R","6519","3.81","1393","5.10","5521","64.6%","56.8%","1008","60.0%","1312","58.0%","2320","58.9%","3198","55.3%","3.6pp"
"Strip Mine","","M","2715","3.34","729","3.86","3602","80.4%","56.3%","612","54.6%","956","58.1%","1568","56.7%","2023","56.0%","0.7pp"
"Sunken Citadel","","R","7977","4.53","1400","6.58","6613","79.5%","55.0%","1249","57.3%","1664","54.9%","2913","56.0%","3686","54.2%","1.7pp"
"Swarmyard","","R","8724","5.29","1577","7.26","5191","54.3%","56.3%","830","57.7%","1276","57.8%","2106","57.7%","3066","55.3%","2.5pp"
"Terrain Generator","","R","9301","5.68","1008","8.96","1129","18.9%","50.9%","184","","295","","479","","649","49.9%",""
"Thespian's Stage","","R","10228","6.08","1188","9.44","664","9.5%","48.2%","128","","161","","289","","370","",""
"Wandering Fumarole","","R","7469","4.31","1491","6.00","5270","59.6%","53.9%","1008","56.7%","1341","55.6%","2349","56.1%","2889","52.3%","3.8pp"