multiverse_id,mtgo_id,set,collector_number,lang,rarity,name,mana_cost,cmc,type_line,artist,usd_price,usd_foil_price,eur_price,tix_price,image_uri,scryfall_uri,scryfall_id
,142615,EOE,1,en,R,Anticausal Vestige,{6},6.0,Creature — Eldrazi,Chase Stone,1.51,2.25,0.02,0.26,https://cards.scryfall.io/large/front/3/5/35372b69-6086-44e0-9f7c-681e362e5142.jpg?1752946556,https://scryfall.com/card/eoe/1/anticausal-vestige,35372b69-6086-44e0-9f7c-681e362e5142
,142617,EOE,2,en,M,"Tezzeret, Cruel Captain",{3},3.0,Legendary Planeswalker — Tezzeret,Chris Rahn,29.08,33.33,24.41,18.44,https://cards.scryfall.io/large/front/0/2/02e8e540-8aa3-4e6a-9a11-c3949cab5f0f.jpg?1754473212,https://scryfall.com/card/eoe/2/tezzeret-cruel-captain,02e8e540-8aa3-4e6a-9a11-c3949cab5f0f
,142619,EOE,3,en,U,All-Fates Stalker,{3}{W},4.0,Creature — Drix Assassin,Lius Lasahido,0.11,0.16,0.13,0.01,https://cards.scryfall.io/large/front/8/2/82ae4f7b-8122-4af6-8079-888eabf1a11e.jpg?1752946565,https://scryfall.com/card/eoe/3/all-fates-stalker,82ae4f7b-8122-4af6-8079-888eabf1a11e
,142621,EOE,4,en,R,Astelli Reclaimer,{3}{W}{W},5.0,Creature — Angel Warrior,Carly Milligan,0.31,0.41,0.02,0.01,https://cards.scryfall.io/large/front/4/f/4fb36405-cd28-432f-b0a4-e74ff8be928d.jpg?1752946568,https://scryfall.com/card/eoe/4/astelli-reclaimer,4fb36405-cd28-432f-b0a4-e74ff8be928d
,142623,EOE,5,en,C,Auxiliary Boosters,{4}{W},5.0,Artifact — Equipment,Dmitry Burmak,0.06,0.02,0.13,0.14,https://cards.scryfall.io/large/front/4/3/43706295-afd6-442c-8828-8cf978152701.jpg?1752946573,https://scryfall.com/card/eoe/5/auxiliary-boosters,43706295-afd6-442c-8828-8cf978152701
,142625,EOE,6,en,C,Banishing Light,{2}{W},3.0,Enchantment,Rovina Cai,0.04,0.07,0.09,0.01,https://cards.scryfall.io/large/front/c/4/c45f11cd-a0aa-4d14-aa21-57f0969f3e2b.jpg?1752946576,https://scryfall.com/card/eoe/6/banishing-light,c45f11cd-a0aa-4d14-aa21-57f0969f3e2b
,142627,EOE,7,en,R,Beyond the Quiet,{3}{W}{W},5.0,Sorcery,Yohann Schepacz,0.35,0.54,0.02,0.01,https://cards.scryfall.io/large/front/c/e/ce503869-8130-4afe-9691-4e90376b4bc4.jpg?1752946582,https://scryfall.com/card/eoe/7/beyond-the-quiet,ce503869-8130-4afe-9691-4e90376b4bc4
,142629,EOE,8,en,C,Brightspear Zealot,{2}{W},3.0,Creature — Human Soldier,Bryan Sola,0.02,0.07,0.03,0.01,https://cards.scryfall.io/large/front/e/7/e7f7541a-5910-4f33-8c1d-3507ce3a426e.jpg?1752946584,https://scryfall.com/card/eoe/8/brightspear-zealot,e7f7541a-5910-4f33-8c1d-3507ce3a426e
,142631,EOE,9,en,M,Cosmogrand Zenith,{2}{W},3.0,Creature — Human Soldier,Anna Steinbauer,18.64,21.82,12.94,3.63,https://cards.scryfall.io/large/front/b/3/b3c1e5e3-4e6b-456a-958c-7a75c38f8183.jpg?1752946590,https://scryfall.com/card/eoe/9/cosmogrand-zenith,b3c1e5e3-4e6b-456a-958c-7a75c38f8183
,142633,EOE,10,en,U,Dawnstrike Vanguard,{5}{W},6.0,Creature — Human Knight,Arif Wijaya,0.04,0.05,0.09,0.01,https://cards.scryfall.io/large/front/5/a/5a041722-9483-469f-9c17-7f0253b0db50.jpg?1752946591,https://scryfall.com/card/eoe/10/dawnstrike-vanguard,5a041722-9483-469f-9c17-7f0253b0db50
,142635,EOE,11,en,C,Dockworker Drone,{1}{W},2.0,Artifact Creature — Robot,Marco Gorlei,0.05,0.04,0.06,0.01,https://cards.scryfall.io/large/front/e/e/eeff069f-427b-42ad-afb1-36f0e547fb74.jpg?1752946598,https://scryfall.com/card/eoe/11/dockworker-drone,eeff069f-427b-42ad-afb1-36f0e547fb74
,142637,EOE,12,en,U,Dual-Sun Adepts,{2}{W},3.0,Creature — Human Soldier,Ioannis Fiore,0.06,0.1,0.07,0.01,https://cards.scryfall.io/large/front/c/7/c7e8c830-77ae-437f-8e28-ce61c5fde6b6.jpg?1752946599,https://scryfall.com/card/eoe/12/dual-sun-adepts,c7e8c830-77ae-437f-8e28-ce61c5fde6b6
,142639,EOE,13,en,U,Dual-Sun Technique,{1}{W},2.0,Instant,Ioannis Fiore,0.1,0.12,0.11,0.01,https://cards.scryfall.io/large/front/f/8/f8931132-391f-4f16-b480-0a245ab2ec21.jpg?1752946606,https://scryfall.com/card/eoe/13/dual-sun-technique,f8931132-391f-4f16-b480-0a245ab2ec21
,142641,EOE,14,en,U,Emergency Eject,{2}{W},3.0,Instant,Leon Tukker,0.13,0.2,0.19,0.01,https://cards.scryfall.io/large/front/f/c/fc98b2d4-86fc-4c47-b2a7-1f3c89463607.jpg?1752946606,https://scryfall.com/card/eoe/14/emergency-eject,fc98b2d4-86fc-4c47-b2a7-1f3c89463607
,142643,EOE,15,en,M,Exalted Sunborn,{3}{W}{W},5.0,Creature — Angel Wizard,Scott M. Fischer,18.49,21.07,14.32,0.3,https://cards.scryfall.io/large/front/7/e/7e1fe101-f634-41e5-9aa4-e8d7474535dc.jpg?1752946614,https://scryfall.com/card/eoe/15/exalted-sunborn,7e1fe101-f634-41e5-9aa4-e8d7474535dc
,142645,EOE,16,en,C,Exosuit Savior,{2}{W},3.0,Creature — Human Soldier,Benjamin Ee,0.1,0.08,0.05,0.01,https://cards.scryfall.io/large/front/8/2/826c0455-a6ce-43ad-bd5c-0a5df169da90.jpg?1752946614,https://scryfall.com/card/eoe/16/exosuit-savior,826c0455-a6ce-43ad-bd5c-0a5df169da90
,142647,EOE,17,en,C,Flight-Deck Coordinator,{2}{W},3.0,Creature — Human Soldier,Diego Gisbert,0.03,0.04,0.08,0.01,https://cards.scryfall.io/large/front/8/8/88cc6328-a035-4f74-b786-390e5c7c324c.jpg?1752946621,https://scryfall.com/card/eoe/17/flight-deck-coordinator,88cc6328-a035-4f74-b786-390e5c7c324c
,142649,EOE,18,en,C,Focus Fire,{W},1.0,Instant,Borja Pindado,0.09,0.05,0.06,0.01,https://cards.scryfall.io/large/front/a/9/a9ddfcbc-0f84-4315-aaa3-ca54ff64d7de.jpg?1752946622,https://scryfall.com/card/eoe/18/focus-fire,a9ddfcbc-0f84-4315-aaa3-ca54ff64d7de
,142651,EOE,19,en,R,"Haliya, Guided by Light",{2}{W},3.0,Legendary Creature — Human Soldier,Kieran Yanner,1.19,1.5,0.31,0.29,https://cards.scryfall.io/large/front/6/f/6f7c63ae-5df3-410f-8643-b8c69133ca9d.jpg?1752946628,https://scryfall.com/card/eoe/19/haliya-guided-by-light,6f7c63ae-5df3-410f-8643-b8c69133ca9d
,142653,EOE,20,en,R,Hardlight Containment,{W},1.0,Enchantment — Aura,Dominik Mayer,0.4,0.43,0.11,0.01,https://cards.scryfall.io/large/front/0/b/0b934241-4d6b-4b9c-99f1-c49cb387cf56.jpg?1752946630,https://scryfall.com/card/eoe/20/hardlight-containment,0b934241-4d6b-4b9c-99f1-c49cb387cf56
,142655,EOE,21,en,U,Honor,{W},1.0,Sorcery,Eli Minaya,0.18,0.2,0.13,0.01,https://cards.scryfall.io/large/front/d/0/d0b4e925-1d59-41a1-bc06-9982695d778f.jpg?1752946636,https://scryfall.com/card/eoe/21/honor,d0b4e925-1d59-41a1-bc06-9982695d778f
,142657,EOE,22,en,U,Honored Knight-Captain,{1}{W},2.0,Creature — Human Advisor Knight,Forrest Imel,0.06,0.09,0.13,0.01,https://cards.scryfall.io/large/front/0/5/05a6ab03-f0b9-4738-a5f9-5d95bb22de75.jpg?1752946639,https://scryfall.com/card/eoe/22/honored-knight-captain,05a6ab03-f0b9-4738-a5f9-5d95bb22de75
,142659,EOE,23,en,C,Knight Luminary,{3}{W},4.0,Creature — Human Knight,Aaron Miller,0.07,0.04,0.07,0.01,https://cards.scryfall.io/large/front/3/4/34334971-c1b7-4506-a6dd-77f66b3ae4e7.jpg?1752946643,https://scryfall.com/card/eoe/23/knight-luminary,34334971-c1b7-4506-a6dd-77f66b3ae4e7
,142661,EOE,24,en,R,Lightstall Inquisitor,{W},1.0,Creature — Angel Wizard,Arif Wijaya,0.89,1.33,1.25,0.3,https://cards.scryfall.io/large/front/6/3/635245e9-c27f-4a51-a6f1-bae62e696542.jpg?1752946647,https://scryfall.com/card/eoe/24/lightstall-inquisitor,635245e9-c27f-4a51-a6f1-bae62e696542
,142663,EOE,25,en,R,Lumen-Class Frigate,{1}{W},2.0,Artifact — Spacecraft,Zezhou Chen,0.29,0.37,0.12,0.01,https://cards.scryfall.io/large/front/0/c/0cc59b5a-65fa-47cc-8ac7-b7c3f533a782.jpg?1753296574,https://scryfall.com/card/eoe/25/lumen-class-frigate,0cc59b5a-65fa-47cc-8ac7-b7c3f533a782
,142665,EOE,26,en,C,Luxknight Breacher,{3}{W},4.0,Creature — Human Knight,Cristi Balanescu,0.07,0.07,0.12,0.01,https://cards.scryfall.io/large/front/c/1/c1236731-0d33-4705-8077-3cf58acf9a39.jpg?1752946655,https://scryfall.com/card/eoe/26/luxknight-breacher,c1236731-0d33-4705-8077-3cf58acf9a39
,142667,EOE,27,en,R,Pinnacle Starcage,{1}{W}{W},3.0,Artifact,Leon Tukker,1.38,1.38,0.37,0.31,https://cards.scryfall.io/large/front/b/1/b1f40c4c-a955-4d9c-8225-251fa4159124.jpg?1752946658,https://scryfall.com/card/eoe/27/pinnacle-starcage,b1f40c4c-a955-4d9c-8225-251fa4159124
,142669,EOE,28,en,U,Pulsar Squadron Ace,{1}{W},2.0,Creature — Human Pilot,Javier Charro,0.03,0.08,0.03,0.01,https://cards.scryfall.io/large/front/8/d/8d989cdc-cbd7-4b71-9589-59618597ac8a.jpg?1752946664,https://scryfall.com/card/eoe/28/pulsar-squadron-ace,8d989cdc-cbd7-4b71-9589-59618597ac8a
,142671,EOE,29,en,C,Radiant Strike,{3}{W},4.0,Instant,Aleksi Briclot,0.03,0.07,0.11,0.01,https://cards.scryfall.io/large/front/8/c/8c38e4cb-918b-4493-872b-66c90dcfd339.jpg?1752946665,https://scryfall.com/card/eoe/29/radiant-strike,8c38e4cb-918b-4493-872b-66c90dcfd339
,142673,EOE,30,en,U,Rayblade Trooper,{2}{W},3.0,Creature — Human Soldier,Cristi Balanescu,0.07,0.08,0.09,0.01,https://cards.scryfall.io/large/front/c/0/c08c7bf9-a2ed-45c6-8b48-15122d9d9e37.jpg?1752946672,https://scryfall.com/card/eoe/30/rayblade-trooper,c08c7bf9-a2ed-45c6-8b48-15122d9d9e37
,142675,EOE,31,en,U,Reroute Systems,{W},1.0,Instant,Sergey Glushakov,0.14,0.16,0.08,0.01,https://cards.scryfall.io/large/front/3/b/3bbdba38-2b99-4226-98e3-6d2580345d6d.jpg?1752946673,https://scryfall.com/card/eoe/31/reroute-systems,3bbdba38-2b99-4226-98e3-6d2580345d6d
,142677,EOE,32,en,U,Rescue Skiff,{5}{W},6.0,Artifact — Spacecraft,Viko Menezes,0.08,0.1,0.13,0.01,https://cards.scryfall.io/large/front/6/f/6fe86bfb-c67d-4df9-88c9-f083091f4cda.jpg?1753296586,https://scryfall.com/card/eoe/32/rescue-skiff,6fe86bfb-c67d-4df9-88c9-f083091f4cda
,142679,EOE,33,en,U,Scout for Survivors,{2}{W},3.0,Sorcery,Greg Staples,0.21,0.17,0.06,0.01,https://cards.scryfall.io/large/front/e/b/ebf3a6dd-a447-46f9-8b10-091ac8cbaa18.jpg?1752946680,https://scryfall.com/card/eoe/33/scout-for-survivors,ebf3a6dd-a447-46f9-8b10-091ac8cbaa18
,142681,EOE,34,en,U,Seam Rip,{W},1.0,Enchantment,Sam Guay,0.61,0.65,0.75,0.26,https://cards.scryfall.io/large/front/9/d/9d298847-2d02-4593-b4d3-c5b722edac1e.jpg?1752946687,https://scryfall.com/card/eoe/34/seam-rip,9d298847-2d02-4593-b4d3-c5b722edac1e
,142683,EOE,35,en,R,The Seriema,{1}{W}{W},3.0,Legendary Artifact — Spacecraft,Sergey Glushakov,0.72,2.5,0.02,0.01,https://cards.scryfall.io/large/front/d/e/dec91ec3-42d3-4922-96f0-dbb50a576084.jpg?1753296617,https://scryfall.com/card/eoe/35/the-seriema,dec91ec3-42d3-4922-96f0-dbb50a576084
,142685,EOE,36,en,C,Squire's Lightblade,{W},1.0,Artifact — Equipment,Edgar Sánchez Hidalgo,0.05,0.06,0.12,0.01,https://cards.scryfall.io/large/front/2/a/2a0accba-85d4-4aa4-a70c-80fcce48c261.jpg?1752946695,https://scryfall.com/card/eoe/36/squires-lightblade,2a0accba-85d4-4aa4-a70c-80fcce48c261
,142687,EOE,37,en,U,Starfield Shepherd,{3}{W}{W},5.0,Creature — Angel,Marta Nael,0.24,0.27,0.26,0.02,https://cards.scryfall.io/large/front/1/2/1226e575-aa78-4c68-be1d-6e5c2dc6315b.jpg?1752946696,https://scryfall.com/card/eoe/37/starfield-shepherd,1226e575-aa78-4c68-be1d-6e5c2dc6315b
,142689,EOE,38,en,C,Starfighter Pilot,{1}{W},2.0,Creature — Human Pilot,Nathaniel Himawan,0.06,0.06,0.07,0.01,https://cards.scryfall.io/large/front/1/e/1e571246-aadc-4d1f-a284-9a529e150fe0.jpg?1752946702,https://scryfall.com/card/eoe/38/starfighter-pilot,1e571246-aadc-4d1f-a284-9a529e150fe0
,142691,EOE,39,en,C,Starport Security,{W},1.0,Artifact Creature — Robot Soldier,Lie Setiawan,0.03,0.13,0.19,0.01,https://cards.scryfall.io/large/front/2/3/238cb1db-6c41-4fe1-bc34-340048dfde18.jpg?1752946704,https://scryfall.com/card/eoe/39/starport-security,238cb1db-6c41-4fe1-bc34-340048dfde18
,142693,EOE,40,en,R,Sunstar Chaplain,{1}{W},2.0,Creature — Human Cleric,Valera Lutfullina,0.13,0.27,0.15,0.01,https://cards.scryfall.io/large/front/8/3/83719626-3ff8-4566-9911-88212e753c69.jpg?1752946709,https://scryfall.com/card/eoe/40/sunstar-chaplain,83719626-3ff8-4566-9911-88212e753c69
,142695,EOE,41,en,U,Sunstar Expansionist,{1}{W},2.0,Creature — Human Knight,Mark Poole,0.04,0.15,0.07,0.02,https://cards.scryfall.io/large/front/9/3/93b0e6e5-9fb6-4342-9322-1a4cc09a7a76.jpg?1752946712,https://scryfall.com/card/eoe/41/sunstar-expansionist,93b0e6e5-9fb6-4342-9322-1a4cc09a7a76
,142697,EOE,42,en,U,Sunstar Lightsmith,{3}{W},4.0,Creature — Human Artificer,Jarel Threat,0.04,0.08,0.09,0.01,https://cards.scryfall.io/large/front/5/f/5f60b09d-9814-4a36-a57d-59b0e04c1c2f.jpg?1752946716,https://scryfall.com/card/eoe/42/sunstar-lightsmith,5f60b09d-9814-4a36-a57d-59b0e04c1c2f
,142699,EOE,43,en,U,Wedgelight Rammer,{3}{W},4.0,Artifact — Spacecraft,Nadia Hurianova,0.06,0.06,0.05,0.01,https://cards.scryfall.io/large/front/2/c/2cb0984f-dc8b-4bb3-a4fd-8d6d4ae20198.jpg?1753296645,https://scryfall.com/card/eoe/43/wedgelight-rammer,2cb0984f-dc8b-4bb3-a4fd-8d6d4ae20198
,142701,EOE,44,en,C,Weftblade Enhancer,{5}{W},6.0,Creature — Drix Artificer,Nathaniel Himawan,0.02,0.04,0.08,0.01,https://cards.scryfall.io/large/front/8/d/8d72b00c-5043-4630-949a-fc17eeb962bc.jpg?1752946724,https://scryfall.com/card/eoe/44/weftblade-enhancer,8d72b00c-5043-4630-949a-fc17eeb962bc
,142703,EOE,45,en,C,Zealous Display,{2}{W},3.0,Instant,Chris Rallis,0.02,0.07,0.04,0.01,https://cards.scryfall.io/large/front/f/5/f5973fd3-d6bc-48f1-8a44-57d2a6dda228.jpg?1752946729,https://scryfall.com/card/eoe/45/zealous-display,f5973fd3-d6bc-48f1-8a44-57d2a6dda228
,142705,EOE,46,en,U,Annul,{U},1.0,Instant,Carlos Palma Cruchaga,0.11,0.15,0.19,0.01,https://cards.scryfall.io/large/front/4/f/4feeebea-aa55-4599-ab5a-4e41a54d0dfd.jpg?1752946732,https://scryfall.com/card/eoe/46/annul,4feeebea-aa55-4599-ab5a-4e41a54d0dfd
,142707,EOE,47,en,U,Atomic Microsizer,{U},1.0,Artifact — Equipment,Gabor Szikszai,0.07,0.07,0.07,0.01,https://cards.scryfall.io/large/front/3/5/3554f0c7-ea73-43e9-a061-bbb8ef6abce1.jpg?1752946737,https://scryfall.com/card/eoe/47/atomic-microsizer,3554f0c7-ea73-43e9-a061-bbb8ef6abce1
,142709,EOE,48,en,U,Cerebral Download,{4}{U},5.0,Instant,Antonio José Manzanedo,0.07,0.1,0.09,0.01,https://cards.scryfall.io/large/front/4/d/4d3b5d73-694c-4f9a-8b4f-d8d8c58c8d65.jpg?1752946739,https://scryfall.com/card/eoe/48/cerebral-download,4d3b5d73-694c-4f9a-8b4f-d8d8c58c8d65
,142711,EOE,49,en,C,Cloudsculpt Technician,{2}{U},3.0,Creature — Jellyfish Artificer,Elizabeth Peiró,0.03,0.03,0.06,0.01,https://cards.scryfall.io/large/front/5/1/51077a54-15cf-4088-8e84-088d72e8e861.jpg?1752946745,https://scryfall.com/card/eoe/49/cloudsculpt-technician,51077a54-15cf-4088-8e84-088d72e8e861
,142713,EOE,50,en,U,Codecracker Hound,{2}{U},3.0,Creature — Dog,Julia Metzger,0.07,0.1,0.11,0.01,https://cards.scryfall.io/large/front/6/7/6723b891-6013-4ec6-b439-2233d270dc48.jpg?1752946747,https://scryfall.com/card/eoe/50/codecracker-hound,6723b891-6013-4ec6-b439-2233d270dc48
,142715,EOE,51,en,R,Consult the Star Charts,{1}{U},2.0,Instant,Antonio José Manzanedo,6.48,7.88,7.46,6.57,https://cards.scryfall.io/large/front/a/1/a16a6555-2e3a-4587-aacd-0307d696b26c.jpg?1752946753,https://scryfall.com/card/eoe/51/consult-the-star-charts,a16a6555-2e3a-4587-aacd-0307d696b26c
,142717,EOE,52,en,C,Cryogen Relic,{1}{U},2.0,Artifact,Eelis Kyttanen,0.2,0.35,0.49,0.02,https://cards.scryfall.io/large/front/7/b/7bfb33b6-e2bf-498f-8c58-ae21a840cf75.jpg?1752946757,https://scryfall.com/card/eoe/52/cryogen-relic,7bfb33b6-e2bf-498f-8c58-ae21a840cf75
,142719,EOE,53,en,C,Cryoshatter,{U},1.0,Enchantment — Aura,Jeremy Wilson,0.12,0.08,0.09,0.01,https://cards.scryfall.io/large/front/7/b/7b62b1e2-9e43-4a66-a647-7e5de2871f2a.jpg?1752946762,https://scryfall.com/card/eoe/53/cryoshatter,7b62b1e2-9e43-4a66-a647-7e5de2871f2a
,142721,EOE,54,en,U,Desculpting Blast,{1}{U},2.0,Instant,Jeremy Wilson,0.11,0.1,0.17,0.01,https://cards.scryfall.io/large/front/7/7/77fdbf32-b5f4-4346-846d-d8e0e53e6e53.jpg?1752946764,https://scryfall.com/card/eoe/54/desculpting-blast,77fdbf32-b5f4-4346-846d-d8e0e53e6e53
,142723,EOE,55,en,C,Divert Disaster,{1}{U},2.0,Instant,David Álvarez,0.06,0.08,0.1,0.01,https://cards.scryfall.io/large/front/c/5/c5f7d2fe-628b-4493-8281-0e5f91ce5d61.jpg?1752946770,https://scryfall.com/card/eoe/55/divert-disaster,c5f7d2fe-628b-4493-8281-0e5f91ce5d61
,142725,EOE,56,en,R,Emissary Escort,{1}{U},2.0,Artifact Creature — Robot Soldier,Igor Grechanyi,0.27,0.36,0.16,0.01,https://cards.scryfall.io/large/front/b/5/b52ba87f-3ac7-4f32-901c-d089df979f94.jpg?1752946771,https://scryfall.com/card/eoe/56/emissary-escort,b52ba87f-3ac7-4f32-901c-d089df979f94
,142727,EOE,57,en,U,Gigastorm Titan,{4}{U},5.0,Creature — Elemental,Bryan Sola,0.06,0.06,0.04,0.01,https://cards.scryfall.io/large/front/a/b/abc83e0a-0ae5-4087-a751-058a1ba6a920.jpg?1752946778,https://scryfall.com/card/eoe/57/gigastorm-titan,abc83e0a-0ae5-4087-a751-058a1ba6a920
,142729,EOE,58,en,C,Illvoi Galeblade,{U},1.0,Creature — Jellyfish Warrior,Nathaniel Himawan,0.08,0.13,0.12,0.01,https://cards.scryfall.io/large/front/7/6/769f7d13-a312-4d79-8639-6ae248452448.jpg?1752946779,https://scryfall.com/card/eoe/58/illvoi-galeblade,769f7d13-a312-4d79-8639-6ae248452448
,142731,EOE,59,en,U,Illvoi Infiltrator,{2}{U},3.0,Creature — Jellyfish Rogue,Paolo Parente,0.06,0.05,0.1,0.01,https://cards.scryfall.io/large/front/2/d/2db4ed41-0426-4d7f-bb43-e43392bed83b.jpg?1752946786,https://scryfall.com/card/eoe/59/illvoi-infiltrator,2db4ed41-0426-4d7f-bb43-e43392bed83b
,142733,EOE,60,en,C,Illvoi Light Jammer,{1}{U},2.0,Artifact — Equipment,David Álvarez,0.04,0.06,0.05,0.01,https://cards.scryfall.io/large/front/e/f/efb3d961-543c-4404-b4ed-1cb28ee411b3.jpg?1752946786,https://scryfall.com/card/eoe/60/illvoi-light-jammer,efb3d961-543c-4404-b4ed-1cb28ee411b3
,142735,EOE,61,en,C,Illvoi Operative,{1}{U},2.0,Creature — Jellyfish Rogue,Quintin Gleim,0.05,0.05,0.06,0.01,https://cards.scryfall.io/large/front/d/0/d0ae9fc7-1802-4806-9996-1f1f458ff6a7.jpg?1752946793,https://scryfall.com/card/eoe/61/illvoi-operative,d0ae9fc7-1802-4806-9996-1f1f458ff6a7
,142737,EOE,62,en,C,Lost in Space,{3}{U},4.0,Instant,Allen Panakal,0.02,0.05,0.02,0.01,https://cards.scryfall.io/large/front/6/d/6d9d7979-97af-4c85-86f5-1b3704f74e8b.jpg?1752946795,https://scryfall.com/card/eoe/62/lost-in-space,6d9d7979-97af-4c85-86f5-1b3704f74e8b
,142739,EOE,63,en,U,Mechan Assembler,{4}{U},5.0,Artifact Creature — Robot Artificer,Mirko Failoni,0.07,0.1,0.13,0.01,https://cards.scryfall.io/large/front/3/f/3fd46726-095e-4eb2-a804-eeeb988eee1d.jpg?1752946801,https://scryfall.com/card/eoe/63/mechan-assembler,3fd46726-095e-4eb2-a804-eeeb988eee1d
,142741,EOE,64,en,U,Mechan Navigator,{1}{U},2.0,Artifact Creature — Robot Pilot,Konstantin Porubov,0.06,0.13,0.14,0.01,https://cards.scryfall.io/large/front/a/1/a1fe1d39-42c8-41d0-8bf0-46973e4b07d4.jpg?1752946803,https://scryfall.com/card/eoe/64/mechan-navigator,a1fe1d39-42c8-41d0-8bf0-46973e4b07d4
,142743,EOE,65,en,C,Mechan Shieldmate,{1}{U},2.0,Artifact Creature — Robot Soldier,Daniel Ljunggren,0.03,0.04,0.07,0.01,https://cards.scryfall.io/large/front/7/4/745b2119-4d9f-431f-89b9-10ad48b6dc47.jpg?1752946812,https://scryfall.com/card/eoe/65/mechan-shieldmate,745b2119-4d9f-431f-89b9-10ad48b6dc47
,142745,EOE,66,en,C,Mechanozoa,{4}{U}{U},6.0,Artifact Creature — Robot Jellyfish,Daarken,0.04,0.04,0.12,0.01,https://cards.scryfall.io/large/front/0/c/0cb8d8ce-329a-4a97-b3d8-796703ebcb37.jpg?1752946818,https://scryfall.com/card/eoe/66/mechanozoa,0cb8d8ce-329a-4a97-b3d8-796703ebcb37
,142747,EOE,67,en,C,Mental Modulation,{1}{U},2.0,Instant,Andreia Ugrai,0.06,0.06,0.09,0.01,https://cards.scryfall.io/large/front/0/f/0f2d12fc-38a0-42e6-9caa-7c18bfcf0011.jpg?1752946821,https://scryfall.com/card/eoe/67/mental-modulation,0f2d12fc-38a0-42e6-9caa-7c18bfcf0011
,142749,EOE,68,en,R,"Mm'menon, the Right Hand",{3}{U}{U},5.0,Legendary Creature — Jellyfish Advisor,Joshua Raphael,0.27,0.44,0.02,0.01,https://cards.scryfall.io/large/front/8/2/82add0a0-e402-4b31-b101-81c0bf332015.jpg?1752946825,https://scryfall.com/card/eoe/68/mmmenon-the-right-hand,82add0a0-e402-4b31-b101-81c0bf332015
,142751,EOE,69,en,R,Moonlit Meditation,{2}{U},3.0,Enchantment — Aura,Liiga Smilshkalne,0.58,1.66,0.02,0.01,https://cards.scryfall.io/large/front/f/2/f2a56007-5bca-4edf-9cc4-5f77a273636c.jpg?1752946830,https://scryfall.com/card/eoe/69/moonlit-meditation,f2a56007-5bca-4edf-9cc4-5f77a273636c
,142753,EOE,70,en,U,Mouth of the Storm,{6}{U},7.0,Creature — Elemental,Domenico Cava,0.04,0.01,0.11,0.01,https://cards.scryfall.io/large/front/3/8/380f16d6-ad43-4e0d-9645-6abde6248182.jpg?1752946834,https://scryfall.com/card/eoe/70/mouth-of-the-storm,380f16d6-ad43-4e0d-9645-6abde6248182
,142755,EOE,71,en,C,Nanoform Sentinel,{2}{U},3.0,Artifact Creature — Robot,Tianxing Xu,0.05,0.03,0.08,0.01,https://cards.scryfall.io/large/front/3/e/3eeae8c3-7939-4c79-92f0-fbdb9c1b71d3.jpg?1752946838,https://scryfall.com/card/eoe/71/nanoform-sentinel,3eeae8c3-7939-4c79-92f0-fbdb9c1b71d3
,142757,EOE,72,en,M,Quantum Riddler,{3}{U}{U},5.0,Creature — Sphinx,Izzy,20.74,23.53,18.27,48.74,https://cards.scryfall.io/large/front/1/2/120be808-ff3b-4fca-96a1-4db6b9825856.jpg?1752946843,https://scryfall.com/card/eoe/72/quantum-riddler,120be808-ff3b-4fca-96a1-4db6b9825856
,142759,EOE,73,en,U,Scour for Scrap,{3}{U},4.0,Instant,Filip Burburan,0.23,0.3,0.24,0.01,https://cards.scryfall.io/large/front/5/1/517d1b00-7ec4-489a-ac52-657da24a6379.jpg?1752946845,https://scryfall.com/card/eoe/73/scour-for-scrap,517d1b00-7ec4-489a-ac52-657da24a6379
,142761,EOE,74,en,C,Selfcraft Mechan,{3}{U},4.0,Artifact Creature — Robot Artificer,Milivoj Ćeran,0.05,0.02,0.05,0.01,https://cards.scryfall.io/large/front/5/b/5b2de056-5c27-44d6-871d-909411bd52dd.jpg?1752946852,https://scryfall.com/card/eoe/74/selfcraft-mechan,5b2de056-5c27-44d6-871d-909411bd52dd
,142763,EOE,75,en,C,Sinister Cryologist,{2}{U},3.0,Creature — Jellyfish Wizard,Domenico Cava,0.04,0.04,0.11,0.01,https://cards.scryfall.io/large/front/e/8/e8fbe740-05ec-4ced-bb9d-3084c8c2b631.jpg?1752946852,https://scryfall.com/card/eoe/75/sinister-cryologist,e8fbe740-05ec-4ced-bb9d-3084c8c2b631
,142765,EOE,76,en,U,Specimen Freighter,{5}{U},6.0,Artifact — Spacecraft,Sergey Glushakov,0.05,0.08,0.06,0.01,https://cards.scryfall.io/large/front/b/8/b862a9f8-2361-4220-99bd-ae2530905195.jpg?1753296599,https://scryfall.com/card/eoe/76/specimen-freighter,b862a9f8-2361-4220-99bd-ae2530905195
,142767,EOE,77,en,C,Starbreach Whale,{4}{U},5.0,Creature — Whale,Sam Burley,0.02,0.06,0.1,0.01,https://cards.scryfall.io/large/front/8/a/8a1a0476-7145-4493-97e5-4fc05c85e476.jpg?1752946862,https://scryfall.com/card/eoe/77/starbreach-whale,8a1a0476-7145-4493-97e5-4fc05c85e476
,142769,EOE,78,en,R,Starfield Vocalist,{3}{U},4.0,Creature — Human Bard,Nathaniel Himawan,1.2,2.98,0.58,0.01,https://cards.scryfall.io/large/front/d/e/deca0b2a-e7f3-444a-883d-7c41dd62c9cc.jpg?1752946868,https://scryfall.com/card/eoe/78/starfield-vocalist,deca0b2a-e7f3-444a-883d-7c41dd62c9cc
,142771,EOE,79,en,R,Starwinder,{5}{U}{U},7.0,Creature — Leviathan,Devin Elle Kurtz,0.49,1.59,0.02,0.01,https://cards.scryfall.io/large/front/2/7/27d1a010-5790-4b35-9fdc-0e366eed021d.jpg?1752946871,https://scryfall.com/card/eoe/79/starwinder,27d1a010-5790-4b35-9fdc-0e366eed021d
,142773,EOE,80,en,U,Steelswarm Operator,{1}{U},2.0,Artifact Creature — Robot Soldier,Cristi Balanescu,0.11,0.23,0.09,0.01,https://cards.scryfall.io/large/front/c/a/ca468b86-f31a-4cd7-a574-eb984bc4bc3e.jpg?1753683154,https://scryfall.com/card/eoe/80/steelswarm-operator,ca468b86-f31a-4cd7-a574-eb984bc4bc3e
,142775,EOE,81,en,R,Synthesizer Labship,{U},1.0,Artifact — Spacecraft,Adrián Rodríguez Pérez,0.4,0.43,0.02,0.02,https://cards.scryfall.io/large/front/f/b/fba6332c-acba-43f9-877c-ca6c5328aae9.jpg?1753296609,https://scryfall.com/card/eoe/81/synthesizer-labship,fba6332c-acba-43f9-877c-ca6c5328aae9
,142777,EOE,82,en,U,Tractor Beam,{2}{U}{U},4.0,Enchantment — Aura,Sergey Glushakov,0.04,0.05,0.08,0.01,https://cards.scryfall.io/large/front/e/f/efc96d54-d6e1-49b6-b4c2-70b997776548.jpg?1752946884,https://scryfall.com/card/eoe/82/tractor-beam,efc96d54-d6e1-49b6-b4c2-70b997776548
,142779,EOE,83,en,U,Unravel,{1}{U}{U},3.0,Instant,Josh Hass,0.07,0.04,0.04,0.01,https://cards.scryfall.io/large/front/e/8/e8978214-c853-453d-872d-af56bdaaa3d7.jpg?1752946891,https://scryfall.com/card/eoe/83/unravel,e8978214-c853-453d-872d-af56bdaaa3d7
,142781,EOE,84,en,U,Uthros Psionicist,{2}{U},3.0,Creature — Jellyfish Scientist,Inkognit,0.1,0.12,0.11,0.01,https://cards.scryfall.io/large/front/e/2/e23cc5fd-afe4-480c-8858-ed80a082584e.jpg?1752946892,https://scryfall.com/card/eoe/84/uthros-psionicist,e23cc5fd-afe4-480c-8858-ed80a082584e
,142783,EOE,85,en,U,Uthros Scanship,{3}{U},4.0,Artifact — Spacecraft,Sergey Glushakov,0.06,0.08,0.09,0.01,https://cards.scryfall.io/large/front/1/f/1f93887f-35c5-472f-83d0-54227b3bd1d2.jpg?1753296631,https://scryfall.com/card/eoe/85/uthros-scanship,1f93887f-35c5-472f-83d0-54227b3bd1d2
,142785,EOE,86,en,M,Weftwalking,{4}{U}{U},6.0,Enchantment,Rovina Cai,0.42,0.55,0.02,0.2,https://cards.scryfall.io/large/front/3/9/39d48ddd-4529-4284-9da3-5272ad362b9b.jpg?1752946899,https://scryfall.com/card/eoe/86/weftwalking,39d48ddd-4529-4284-9da3-5272ad362b9b
,142787,EOE,87,en,M,"Alpharael, Stonechosen",{3}{B}{B},5.0,Legendary Creature — Human Cleric,Kieran Yanner,0.57,1.22,0.02,0.19,https://cards.scryfall.io/large/front/3/3/33063d26-37f7-4e35-8da2-5770dfabdc41.jpg?1752946907,https://scryfall.com/card/eoe/87/alpharael-stonechosen,33063d26-37f7-4e35-8da2-5770dfabdc41
,142789,EOE,88,en,R,Archenemy's Charm,{B}{B}{B},3.0,Instant,Brigitte Roka & Clifton Stommel,1.11,1.76,0.48,0.13,https://cards.scryfall.io/large/front/d/c/dcde5f27-e2f0-4d2a-afa3-f300896ec4b1.jpg?1752946908,https://scryfall.com/card/eoe/88/archenemys-charm,dcde5f27-e2f0-4d2a-afa3-f300896ec4b1
,142791,EOE,89,en,C,Beamsaw Prospector,{1}{B},2.0,Creature — Human Artificer,Aurore Folny,0.09,0.06,0.1,0.01,https://cards.scryfall.io/large/front/6/f/6f717a3f-c6db-4e8d-8b62-6361ab33d000.jpg?1752946915,https://scryfall.com/card/eoe/89/beamsaw-prospector,6f717a3f-c6db-4e8d-8b62-6361ab33d000
,142793,EOE,90,en,U,Blade of the Swarm,{3}{B},4.0,Creature — Insect Assassin,Nino Is,0.06,0.18,0.06,0.01,https://cards.scryfall.io/large/front/b/1/b157330a-2652-4ed9-b8fa-8e72b4eda15c.jpg?1752946918,https://scryfall.com/card/eoe/90/blade-of-the-swarm,b157330a-2652-4ed9-b8fa-8e72b4eda15c
,142795,EOE,91,en,R,Chorale of the Void,{3}{B},4.0,Enchantment — Aura,Alix Branwyn,0.28,0.27,0.02,0.01,https://cards.scryfall.io/large/front/7/3/7389fe88-f6ff-4497-a037-9ca283fb89e3.jpg?1752946923,https://scryfall.com/card/eoe/91/chorale-of-the-void,7389fe88-f6ff-4497-a037-9ca283fb89e3
,142797,EOE,92,en,C,Comet Crawler,{2}{B},3.0,Creature — Insect Horror,Cristi Balanescu,0.02,0.04,0.04,0.01,https://cards.scryfall.io/large/front/b/e/becca990-ab2e-4aa4-be7d-293ec727cb08.jpg?1753683182,https://scryfall.com/card/eoe/92/comet-crawler,becca990-ab2e-4aa4-be7d-293ec727cb08
,142799,EOE,93,en,C,Dark Endurance,{1}{B},2.0,Instant,Leon Tukker,0.04,0.09,0.07,0.01,https://cards.scryfall.io/large/front/f/a/fac87b49-a0cd-42d5-b30a-efc6d5526fc3.jpg?1753360523,https://scryfall.com/card/eoe/93/dark-endurance,fac87b49-a0cd-42d5-b30a-efc6d5526fc3
,142801,EOE,94,en,C,Decode Transmissions,{2}{B},3.0,Sorcery,Josh Hass,0.07,0.12,0.07,0.01,https://cards.scryfall.io/large/front/c/e/cecb4936-14ca-49f9-b209-6519cab54b30.jpg?1752946935,https://scryfall.com/card/eoe/94/decode-transmissions,cecb4936-14ca-49f9-b209-6519cab54b30
,142803,EOE,95,en,C,Depressurize,{1}{B},2.0,Instant,Danny Schwartz,0.09,0.08,0.11,0.01,https://cards.scryfall.io/large/front/2/5/25520d5a-1a83-42cc-8ace-8b1156019d64.jpg?1752946939,https://scryfall.com/card/eoe/95/depressurize,25520d5a-1a83-42cc-8ace-8b1156019d64
,142805,EOE,96,en,U,Dubious Delicacy,{2}{B},3.0,Artifact — Food,Tianxing Xu,0.12,0.16,0.11,0.01,https://cards.scryfall.io/large/front/1/5/153265b4-0ca4-4245-9226-dd1a083ec91c.jpg?1752946944,https://scryfall.com/card/eoe/96/dubious-delicacy,153265b4-0ca4-4245-9226-dd1a083ec91c
,142807,EOE,97,en,R,Elegy Acolyte,{2}{B}{B},4.0,Creature — Human Cleric,Diana Franco,0.62,1.69,0.36,0.05,https://cards.scryfall.io/large/front/c/6/c69ed7c7-1f49-4299-b3e6-75150258ac59.jpg?1752946946,https://scryfall.com/card/eoe/97/elegy-acolyte,c69ed7c7-1f49-4299-b3e6-75150258ac59
,142809,EOE,98,en,C,Embrace Oblivion,{B},1.0,Sorcery,Andreas Zafiratos,0.06,0.06,0.1,0.01,https://cards.scryfall.io/large/front/3/7/3754fc20-7aaa-437d-97df-d6cf1c29586c.jpg?1752946952,https://scryfall.com/card/eoe/98/embrace-oblivion,3754fc20-7aaa-437d-97df-d6cf1c29586c
,142811,EOE,99,en,R,Entropic Battlecruiser,{3}{B},4.0,Artifact — Spacecraft,"Josiah ""Jo"" Cameron",0.25,0.36,0.02,0.01,https://cards.scryfall.io/large/front/c/c/cc59796b-9025-44b6-a188-cf6684ebffb9.jpg?1753296527,https://scryfall.com/card/eoe/99/entropic-battlecruiser,cc59796b-9025-44b6-a188-cf6684ebffb9
,142813,EOE,100,en,U,Faller's Faithful,{2}{B},3.0,Creature — Human Wizard,Lie Setiawan,0.12,0.11,0.16,0.01,https://cards.scryfall.io/large/front/c/b/cbb1b46f-72e0-4c2f-8012-74529bd29a0d.jpg?1752946961,https://scryfall.com/card/eoe/100/fallers-faithful,cbb1b46f-72e0-4c2f-8012-74529bd29a0d
,142815,EOE,101,en,U,Fell Gravship,{2}{B},3.0,Artifact — Spacecraft,David Álvarez,0.06,0.09,0.09,0.01,https://cards.scryfall.io/large/front/e/9/e94b130d-3547-43c5-a319-5ebc571c2e2d.jpg?1753296549,https://scryfall.com/card/eoe/101/fell-gravship,e94b130d-3547-43c5-a319-5ebc571c2e2d
,142817,EOE,102,en,C,Gravblade Heavy,{3}{B},4.0,Creature — Human Soldier,Andrew Mar,0.02,0.05,0.03,0.01,https://cards.scryfall.io/large/front/b/3/b3872341-d711-407b-85e4-46ccb99988e1.jpg?1752946969,https://scryfall.com/card/eoe/102/gravblade-heavy,b3872341-d711-407b-85e4-46ccb99988e1
,142819,EOE,103,en,C,Gravkill,{3}{B},4.0,Instant,Dominik Mayer,0.04,0.08,0.13,0.01,https://cards.scryfall.io/large/front/c/f/cfa6c57f-a193-48cc-9764-d8348548a111.jpg?1753096760,https://scryfall.com/card/eoe/103/gravkill,cfa6c57f-a193-48cc-9764-d8348548a111
,142821,EOE,104,en,C,Gravpack Monoist,{2}{B},3.0,Creature — Human Scout,Edgar Sánchez Hidalgo,0.02,0.05,0.1,0.01,https://cards.scryfall.io/large/front/2/a/2a968f01-36ef-4cf6-b1db-630c9cde2064.jpg?1752946977,https://scryfall.com/card/eoe/104/gravpack-monoist,2a968f01-36ef-4cf6-b1db-630c9cde2064
,142823,EOE,105,en,C,Hullcarver,{B},1.0,Artifact Creature — Robot Assassin,Michal Ivan,0.09,0.08,0.08,0.01,https://cards.scryfall.io/large/front/8/1/817b5b18-beb5-48c8-aa45-0515ff9ca5da.jpg?1752946978,https://scryfall.com/card/eoe/105/hullcarver,817b5b18-beb5-48c8-aa45-0515ff9ca5da
,142825,EOE,106,en,U,Hylderblade,{B},1.0,Artifact — Equipment,Viko Menezes,0.09,0.09,0.1,0.01,https://cards.scryfall.io/large/front/a/c/ac80cf18-0707-4358-bdd4-0c2b90d0a1d9.jpg?1752946985,https://scryfall.com/card/eoe/106/hylderblade,ac80cf18-0707-4358-bdd4-0c2b90d0a1d9
,142827,EOE,107,en,U,Hymn of the Faller,{1}{B},2.0,Sorcery,Danny Schwartz,0.18,0.19,0.15,0.01,https://cards.scryfall.io/large/front/e/4/e468d528-6cf0-4563-9da2-e388ba56cb9d.jpg?1752946985,https://scryfall.com/card/eoe/107/hymn-of-the-faller,e468d528-6cf0-4563-9da2-e388ba56cb9d
,142829,EOE,108,en,C,Insatiable Skittermaw,{2}{B},3.0,Creature — Insect Horror,Diego Gisbert,0.06,0.08,0.04,0.01,https://cards.scryfall.io/large/front/e/9/e9d30cca-ea33-418f-bba3-5103f1dbd751.jpg?1752946993,https://scryfall.com/card/eoe/108/insatiable-skittermaw,e9d30cca-ea33-418f-bba3-5103f1dbd751
,142831,EOE,109,en,U,Lightless Evangel,{1}{B},2.0,Creature — Vampire Cleric,Viko Menezes,0.07,0.1,0.1,0.01,https://cards.scryfall.io/large/front/6/8/6860556a-6c34-4c41-89ea-f0bc495a159c.jpg?1752946994,https://scryfall.com/card/eoe/109/lightless-evangel,6860556a-6c34-4c41-89ea-f0bc495a159c
,142833,EOE,110,en,U,Monoist Circuit-Feeder,{4}{B}{B},6.0,Artifact Creature — Nautilus,Quintin Gleim,0.03,0.1,0.1,0.01,https://cards.scryfall.io/large/front/9/5/957ae7aa-98d6-402a-9b20-e3e5b7e8dfe3.jpg?1752947001,https://scryfall.com/card/eoe/110/monoist-circuit-feeder,957ae7aa-98d6-402a-9b20-e3e5b7e8dfe3
,142835,EOE,111,en,U,Monoist Sentry,{B},1.0,Artifact Creature — Robot,Nino Is,0.06,0.05,0.11,0.01,https://cards.scryfall.io/large/front/a/c/acc503e2-5c3a-4200-beb0-7d193d6c869e.jpg?1752947002,https://scryfall.com/card/eoe/111/monoist-sentry,acc503e2-5c3a-4200-beb0-7d193d6c869e
,142837,EOE,112,en,C,Perigee Beckoner,{4}{B},5.0,Creature — Horror,Dmitry Burmak,0.05,0.11,0.09,0.01,https://cards.scryfall.io/large/front/f/3/f3666a08-d449-496f-969a-bf21d4afbd77.jpg?1752947009,https://scryfall.com/card/eoe/112/perigee-beckoner,f3666a08-d449-496f-969a-bf21d4afbd77
,142839,EOE,113,en,R,Requiem Monolith,{2}{B},3.0,Artifact,Warren Mahy,0.38,0.43,0.06,0.01,https://cards.scryfall.io/large/front/8/3/837d710a-652f-4c60-a52d-d786231160a4.jpg?1752947010,https://scryfall.com/card/eoe/113/requiem-monolith,837d710a-652f-4c60-a52d-d786231160a4
,142841,EOE,114,en,U,Scrounge for Eternity,{2}{B},3.0,Sorcery,Konstantin Porubov,0.14,0.1,0.12,0.01,https://cards.scryfall.io/large/front/b/a/baeff907-017e-4dee-aae1-19dfaab309de.jpg?1752947016,https://scryfall.com/card/eoe/114/scrounge-for-eternity,baeff907-017e-4dee-aae1-19dfaab309de
,142843,EOE,115,en,M,"Sothera, the Supervoid",{2}{B}{B},4.0,Legendary Enchantment,Dominik Mayer,6.31,8.84,2.78,0.28,https://cards.scryfall.io/large/front/e/9/e99d6fc0-dcf2-4b25-81c2-02c230a36246.jpg?1752947018,https://scryfall.com/card/eoe/115/sothera-the-supervoid,e99d6fc0-dcf2-4b25-81c2-02c230a36246
,142845,EOE,116,en,R,Sunset Saboteur,{1}{B},2.0,Creature — Human Rogue,Mirko Failoni,0.39,0.84,0.32,0.14,https://cards.scryfall.io/large/front/3/9/396bca07-82ba-49b7-b79e-7784b3a06d48.jpg?1752947024,https://scryfall.com/card/eoe/116/sunset-saboteur,396bca07-82ba-49b7-b79e-7784b3a06d48
,142847,EOE,117,en,U,Susurian Dirgecraft,{4}{B},5.0,Artifact — Spacecraft,Mark Poole,0.06,0.07,0.13,0.01,https://cards.scryfall.io/large/front/b/6/b67cdb6e-9a3b-4887-924d-318faa3c443d.jpg?1753296605,https://scryfall.com/card/eoe/117/susurian-dirgecraft,b67cdb6e-9a3b-4887-924d-318faa3c443d
,142849,EOE,118,en,U,Susurian Voidborn,{2}{B},3.0,Creature — Vampire Soldier,Jehan Choo,0.18,0.3,0.16,0.01,https://cards.scryfall.io/large/front/b/e/beb97e7b-0ae7-4b08-9ceb-6a7f825bcd49.jpg?1752947031,https://scryfall.com/card/eoe/118/susurian-voidborn,beb97e7b-0ae7-4b08-9ceb-6a7f825bcd49
,142851,EOE,119,en,C,Swarm Culler,{3}{B},4.0,Creature — Insect Warrior,April Prime,0.03,0.03,0.04,0.01,https://cards.scryfall.io/large/front/2/a/2a8f583c-88b6-4797-b93e-3086845fc326.jpg?1752947034,https://scryfall.com/card/eoe/119/swarm-culler,2a8f583c-88b6-4797-b93e-3086845fc326
,142853,EOE,120,en,C,Temporal Intervention,{2}{B},3.0,Sorcery,Chris Rallis,0.08,0.06,0.14,0.01,https://cards.scryfall.io/large/front/7/9/79f9525a-4cb7-411e-b7b5-2113e93bcbc3.jpg?1753352166,https://scryfall.com/card/eoe/120/temporal-intervention,79f9525a-4cb7-411e-b7b5-2113e93bcbc3
,142855,EOE,121,en,U,Timeline Culler,{B}{B},2.0,Creature — Drix Warlock,Alfonso Santano,0.62,0.77,0.38,0.01,https://cards.scryfall.io/large/front/3/3/33410410-72f2-49c4-9e63-a72202cd075a.jpg?1752947042,https://scryfall.com/card/eoe/121/timeline-culler,33410410-72f2-49c4-9e63-a72202cd075a
,142857,EOE,122,en,U,Tragic Trajectory,{B},1.0,Sorcery,Ovidio Cartagena,0.45,0.38,0.24,0.05,https://cards.scryfall.io/large/front/7/8/78c8bc60-1378-4028-8ab1-3286e459bffb.jpg?1752947046,https://scryfall.com/card/eoe/122/tragic-trajectory,78c8bc60-1378-4028-8ab1-3286e459bffb
,142859,EOE,123,en,U,Umbral Collar Zealot,{1}{B},2.0,Creature — Human Cleric,Dmitry Burmak,0.98,1.19,1.77,0.01,https://cards.scryfall.io/large/front/b/b/bbcc1d84-9772-475d-924a-75bb54c9bc20.jpg?1752947051,https://scryfall.com/card/eoe/123/umbral-collar-zealot,bbcc1d84-9772-475d-924a-75bb54c9bc20
,142861,EOE,124,en,C,Virus Beetle,{1}{B},2.0,Artifact Creature — Insect,Leesha Hannigan,0.03,0.07,0.04,0.01,https://cards.scryfall.io/large/front/e/9/e96c986c-684c-4546-a9c9-b6b903bda101.jpg?1752947055,https://scryfall.com/card/eoe/124/virus-beetle,e96c986c-684c-4546-a9c9-b6b903bda101
,142863,EOE,125,en,U,Voidforged Titan,{4}{B},5.0,Artifact Creature — Robot Warrior,Diego Gisbert,0.06,0.07,0.04,0.01,https://cards.scryfall.io/large/front/6/1/6119c016-01b2-44f3-9550-6988324c1d1f.jpg?1752947060,https://scryfall.com/card/eoe/125/voidforged-titan,6119c016-01b2-44f3-9550-6988324c1d1f
,142865,EOE,126,en,U,Vote Out,{3}{B},4.0,Sorcery,David Álvarez,0.06,0.12,0.04,0.01,https://cards.scryfall.io/large/front/4/f/4f50bb47-cc4d-4b81-b5f1-817ca8744d12.jpg?1752947062,https://scryfall.com/card/eoe/126/vote-out,4f50bb47-cc4d-4b81-b5f1-817ca8744d12
,142867,EOE,127,en,R,"Xu-Ifit, Osteoharmonist",{1}{B}{B},3.0,Legendary Creature — Human Wizard,Michal Ivan,0.25,0.43,0.02,0.01,https://cards.scryfall.io/large/front/c/0/c0838f25-2193-4305-b73a-bf0c0bb4981a.jpg?1752947068,https://scryfall.com/card/eoe/127/xu-ifit-osteoharmonist,c0838f25-2193-4305-b73a-bf0c0bb4981a
,142869,EOE,128,en,R,Zero Point Ballad,{X}{B},1.0,Sorcery,David Astruga,0.36,0.52,0.02,0.01,https://cards.scryfall.io/large/front/5/9/59cf9f4d-54cd-4cda-9726-65e16100ab46.jpg?1752947069,https://scryfall.com/card/eoe/128/zero-point-ballad,59cf9f4d-54cd-4cda-9726-65e16100ab46
,142871,EOE,129,en,C,Bombard,{2}{R},3.0,Instant,Diego Gisbert,0.05,0.04,0.02,0.01,https://cards.scryfall.io/large/front/2/9/29492df8-3077-4ded-a6e2-51d3bd4669b4.jpg?1752947077,https://scryfall.com/card/eoe/129/bombard,29492df8-3077-4ded-a6e2-51d3bd4669b4
,142873,EOE,130,en,U,Cut Propulsion,{2}{R},3.0,Instant,Andrea Piparo,0.05,0.05,0.08,0.01,https://cards.scryfall.io/large/front/d/9/d96f1c41-3d11-48a8-b962-db46a2d054de.jpg?1752947077,https://scryfall.com/card/eoe/130/cut-propulsion,d96f1c41-3d11-48a8-b962-db46a2d054de
,142875,EOE,131,en,U,Debris Field Crusher,{4}{R},5.0,Artifact — Spacecraft,David Álvarez,0.05,0.09,0.08,0.01,https://cards.scryfall.io/large/front/e/a/ea713f35-6442-4388-8839-2714374fb4b6.jpg?1753296519,https://scryfall.com/card/eoe/131/debris-field-crusher,ea713f35-6442-4388-8839-2714374fb4b6
,142877,EOE,132,en,M,Devastating Onslaught,{X}{X}{R},1.0,Sorcery,Chris Seaman,1.87,3.65,1.03,0.24,https://cards.scryfall.io/large/front/f/c/fc779971-24e2-46a8-86be-16f0b244a3d2.jpg?1752947086,https://scryfall.com/card/eoe/132/devastating-onslaught,fc779971-24e2-46a8-86be-16f0b244a3d2
,142879,EOE,133,en,C,Drill Too Deep,{1}{R},2.0,Instant,Bartek Fedyczak,0.08,0.09,0.02,0.01,https://cards.scryfall.io/large/front/b/9/b9d3b6e8-47c8-49e3-b204-8b659e127bde.jpg?1752947092,https://scryfall.com/card/eoe/133/drill-too-deep,b9d3b6e8-47c8-49e3-b204-8b659e127bde
,142881,EOE,134,en,C,Frontline War-Rager,{2}{R},3.0,Creature — Kavu Soldier,Jason Rainville,0.03,0.05,0.06,0.01,https://cards.scryfall.io/large/front/f/a/fa232943-818b-4944-be60-2d80c806bf62.jpg?1752947094,https://scryfall.com/card/eoe/134/frontline-war-rager,fa232943-818b-4944-be60-2d80c806bf62
,142883,EOE,135,en,U,Full Bore,{R},1.0,Instant,Olivier Bernard,0.11,0.19,0.11,0.01,https://cards.scryfall.io/large/front/c/f/cfee64ef-d22d-4024-bc65-59cbd1731d1c.jpg?1752947099,https://scryfall.com/card/eoe/135/full-bore,cfee64ef-d22d-4024-bc65-59cbd1731d1c
,142885,EOE,136,en,U,Galvanizing Sawship,{5}{R},6.0,Artifact — Spacecraft,Constantin Marin,0.06,0.04,0.02,0.01,https://cards.scryfall.io/large/front/5/b/5bbce9fb-401f-4e78-acd5-9d3b506687fd.jpg?1753296558,https://scryfall.com/card/eoe/136/galvanizing-sawship,5bbce9fb-401f-4e78-acd5-9d3b506687fd
,142887,EOE,137,en,U,Invasive Maneuvers,{1}{R},2.0,Instant,Leon Tukker,0.08,0.09,0.07,0.01,https://cards.scryfall.io/large/front/b/6/b68010e2-7810-43cb-a52e-e73b1834e54e.jpg?1752947108,https://scryfall.com/card/eoe/137/invasive-maneuvers,b68010e2-7810-43cb-a52e-e73b1834e54e
,142889,EOE,138,en,C,Kav Landseeker,{3}{R},4.0,Creature — Kavu Soldier,Karl Kopinski,0.03,0.04,0.09,0.01,https://cards.scryfall.io/large/front/7/a/7a5a7e89-50e3-43cb-af93-d7d80a630c11.jpg?1752947111,https://scryfall.com/card/eoe/138/kav-landseeker,7a5a7e89-50e3-43cb-af93-d7d80a630c11
,142891,EOE,139,en,U,Kavaron Harrier,{R},1.0,Artifact Creature — Robot Soldier,Hardy Fowler,0.06,0.1,0.14,0.01,https://cards.scryfall.io/large/front/1/d/1da2a740-e4ff-4661-ba57-39b15c58e26e.jpg?1752947115,https://scryfall.com/card/eoe/139/kavaron-harrier,1da2a740-e4ff-4661-ba57-39b15c58e26e
,142893,EOE,140,en,C,Kavaron Skywarden,{4}{R},5.0,Creature — Kavu Soldier,Diana Franco,0.03,0.05,0.04,0.01,https://cards.scryfall.io/large/front/6/1/617038a8-0544-4d0e-8ff1-c786e60ecd59.jpg?1752947119,https://scryfall.com/card/eoe/140/kavaron-skywarden,617038a8-0544-4d0e-8ff1-c786e60ecd59
,142895,EOE,141,en,C,Kavaron Turbodrone,{2}{R},3.0,Artifact Creature — Robot Scout,Leesha Hannigan,0.05,0.04,0.11,0.01,https://cards.scryfall.io/large/front/f/5/f5e92cdd-75df-499e-94f7-22287f1000b3.jpg?1753683197,https://scryfall.com/card/eoe/141/kavaron-turbodrone,f5e92cdd-75df-499e-94f7-22287f1000b3
,142897,EOE,142,en,U,Lithobraking,{2}{R},3.0,Instant,Andrew Mar,0.08,0.11,0.12,0.01,https://cards.scryfall.io/large/front/5/a/5a22024c-2c0f-4487-98d1-ee89cf3dba89.jpg?1752947127,https://scryfall.com/card/eoe/142/lithobraking,5a22024c-2c0f-4487-98d1-ee89cf3dba89
,142899,EOE,143,en,C,Melded Moxite,{1}{R},2.0,Artifact,Alexandr Leskinen,0.03,0.12,0.04,0.01,https://cards.scryfall.io/large/front/4/7/474c067f-eb24-4ae8-b4c0-f6f8e24cdb2a.jpg?1752947131,https://scryfall.com/card/eoe/143/melded-moxite,474c067f-eb24-4ae8-b4c0-f6f8e24cdb2a
,142901,EOE,144,en,U,Memorial Team Leader,{3}{R},4.0,Creature — Kavu Soldier,Andrew Mar,0.03,0.04,0.17,0.01,https://cards.scryfall.io/large/front/3/d/3ddc240a-62df-4773-98d7-48a9adaf1846.jpg?1752947135,https://scryfall.com/card/eoe/144/memorial-team-leader,3ddc240a-62df-4773-98d7-48a9adaf1846
,142903,EOE,145,en,R,Memorial Vault,{3}{R},4.0,Artifact,Javier Charro,0.1,0.17,0.02,0.01,https://cards.scryfall.io/large/front/a/1/a14ecd13-325a-4555-b1dd-d0d0d0826031.jpg?1752947139,https://scryfall.com/card/eoe/145/memorial-vault,a14ecd13-325a-4555-b1dd-d0d0d0826031
,142905,EOE,146,en,U,Molecular Modifier,{2}{R},3.0,Creature — Kavu Artificer,Konstantin Porubov,0.03,0.08,0.09,0.01,https://cards.scryfall.io/large/front/7/b/7b80b9c9-a871-4c04-b8be-feb81a900591.jpg?1753683209,https://scryfall.com/card/eoe/146/molecular-modifier,7b80b9c9-a871-4c04-b8be-feb81a900591
,142907,EOE,147,en,C,Nebula Dragon,{6}{R},7.0,Creature — Dragon,Greg Staples,0.05,0.05,0.11,0.01,https://cards.scryfall.io/large/front/0/e/0ee509dd-9fba-4b6d-a9d4-cc8bf5822ddd.jpg?1752947147,https://scryfall.com/card/eoe/147/nebula-dragon,0ee509dd-9fba-4b6d-a9d4-cc8bf5822ddd
,142909,EOE,148,en,R,Nova Hellkite,{3}{R}{R},5.0,Creature — Dragon,Raymond Swanland,1.09,1.33,0.69,0.38,https://cards.scryfall.io/large/front/4/2/424af0d0-398c-4d78-9ad5-2171bf1bcbd1.jpg?1752947152,https://scryfall.com/card/eoe/148/nova-hellkite,424af0d0-398c-4d78-9ad5-2171bf1bcbd1
,142911,EOE,149,en,C,Orbital Plunge,{3}{R},4.0,Sorcery,Inkognit,0.03,0.04,0.08,0.01,https://cards.scryfall.io/large/front/2/d/2dc7cc17-5319-4694-99c6-8c56a0b40a44.jpg?1752947156,https://scryfall.com/card/eoe/149/orbital-plunge,2dc7cc17-5319-4694-99c6-8c56a0b40a44
,142913,EOE,150,en,C,Oreplate Pangolin,{1}{R},2.0,Artifact Creature — Robot Pangolin,Dmitry Burmak,0.12,0.06,0.16,0.01,https://cards.scryfall.io/large/front/9/0/90209957-95db-4b59-979a-316d14ef876c.jpg?1752947160,https://scryfall.com/card/eoe/150/oreplate-pangolin,90209957-95db-4b59-979a-316d14ef876c
,142915,EOE,151,en,R,Pain for All,{2}{R},3.0,Enchantment — Aura,Dmitry Burmak,0.57,1.79,0.41,0.01,https://cards.scryfall.io/large/front/d/2/d2948913-817b-4715-92d5-ed3cde347be7.jpg?1752947164,https://scryfall.com/card/eoe/151/pain-for-all,d2948913-817b-4715-92d5-ed3cde347be7
,142917,EOE,152,en,C,Plasma Bolt,{R},1.0,Sorcery,Viko Menezes,0.07,0.14,0.07,0.01,https://cards.scryfall.io/large/front/a/1/a1a1834b-76c2-4496-b8c5-18b69ab34c4c.jpg?1752947168,https://scryfall.com/card/eoe/152/plasma-bolt,a1a1834b-76c2-4496-b8c5-18b69ab34c4c
,142919,EOE,153,en,R,Possibility Technician,{2}{R},3.0,Creature — Kavu Artificer,Antonio José Manzanedo,0.16,0.19,0.14,0.01,https://cards.scryfall.io/large/front/4/b/4b146c78-403f-48c8-941d-41114498bb89.jpg?1752947171,https://scryfall.com/card/eoe/153/possibility-technician,4b146c78-403f-48c8-941d-41114498bb89
,142921,EOE,154,en,C,Red Tiger Mechan,{3}{R},4.0,Artifact Creature — Robot Cat,Simon Dominic,0.03,0.08,0.08,0.01,https://cards.scryfall.io/large/front/b/7/b7b2fa48-cd2d-42ea-afd8-8cbd7a1bcdab.jpg?1752947176,https://scryfall.com/card/eoe/154/red-tiger-mechan,b7b2fa48-cd2d-42ea-afd8-8cbd7a1bcdab
,142923,EOE,155,en,U,Remnant Elemental,{1}{R},2.0,Creature — Elemental,Nereida,0.03,0.02,0.05,0.01,https://cards.scryfall.io/large/front/8/3/830d5532-3b24-470e-912f-f0f5df1cb530.jpg?1752947179,https://scryfall.com/card/eoe/155/remnant-elemental,830d5532-3b24-470e-912f-f0f5df1cb530
,142925,EOE,156,en,C,Rig for War,{1}{R},2.0,Instant,Diana Franco,0.03,0.05,0.07,0.01,https://cards.scryfall.io/large/front/3/e/3edd0515-dcc4-4cb5-8b54-9c00173d8a6d.jpg?1752947184,https://scryfall.com/card/eoe/156/rig-for-war,3edd0515-dcc4-4cb5-8b54-9c00173d8a6d
,142927,EOE,157,en,U,Roving Actuator,{3}{R},4.0,Artifact Creature — Robot,Sergey Glushakov,0.04,0.17,0.08,0.01,https://cards.scryfall.io/large/front/1/1/1111173b-ea49-4de4-b5b0-07d768c626b9.jpg?1752947187,https://scryfall.com/card/eoe/157/roving-actuator,1111173b-ea49-4de4-b5b0-07d768c626b9
,142929,EOE,158,en,U,Ruinous Rampage,{1}{R}{R},3.0,Sorcery,David Astruga,0.15,0.16,0.15,0.01,https://cards.scryfall.io/large/front/9/1/91d7a4c2-1a4b-4e9f-b543-225b6906752f.jpg?1752947194,https://scryfall.com/card/eoe/158/ruinous-rampage,91d7a4c2-1a4b-4e9f-b543-225b6906752f
,142931,EOE,159,en,R,Rust Harvester,{R},1.0,Artifact Creature — Robot,Jake Murray,0.24,0.39,0.09,0.01,https://cards.scryfall.io/large/front/7/c/7ce58765-d2f4-4fbf-8635-580c9400ff2e.jpg?1752947195,https://scryfall.com/card/eoe/159/rust-harvester,7ce58765-d2f4-4fbf-8635-580c9400ff2e
,142933,EOE,160,en,C,Slagdrill Scrapper,{R},1.0,Artifact Creature — Robot Scout,Edgar Sánchez Hidalgo,0.04,0.03,0.14,0.01,https://cards.scryfall.io/large/front/1/5/155dcf54-8fdb-4715-97dc-4eb5d3d80d78.jpg?1752947202,https://scryfall.com/card/eoe/160/slagdrill-scrapper,155dcf54-8fdb-4715-97dc-4eb5d3d80d78
,142935,EOE,161,en,U,Systems Override,{2}{R},3.0,Sorcery,Hardy Fowler,0.06,0.08,0.08,0.01,https://cards.scryfall.io/large/front/2/a/2a34c71b-8d3c-435b-9cf8-4902f997d10d.jpg?1752947203,https://scryfall.com/card/eoe/161/systems-override,2a34c71b-8d3c-435b-9cf8-4902f997d10d
,142937,EOE,162,en,M,"Tannuk, Steadfast Second",{2}{R}{R},4.0,Legendary Creature — Kavu Pilot,Raymond Swanland,6.42,9.47,3.69,0.23,https://cards.scryfall.io/large/front/4/4/44607ed3-9523-40ac-9f61-0edd011cf762.jpg?1752947211,https://scryfall.com/card/eoe/162/tannuk-steadfast-second,44607ed3-9523-40ac-9f61-0edd011cf762
,142939,EOE,163,en,R,Terminal Velocity,{4}{R}{R},6.0,Sorcery,Xabi Gaztelua,0.16,0.21,0.02,0.01,https://cards.scryfall.io/large/front/1/d/1d18dc06-16f0-4a3b-8d52-dbf4aa2c393d.jpg?1752947211,https://scryfall.com/card/eoe/163/terminal-velocity,1d18dc06-16f0-4a3b-8d52-dbf4aa2c393d
,142941,EOE,164,en,U,Terrapact Intimidator,{1}{R},2.0,Creature — Kavu Scout,Slawomir Maniak,0.09,0.1,0.06,0.01,https://cards.scryfall.io/large/front/1/3/13fe3358-fd68-4245-a2ad-aa9200cf4655.jpg?1752947219,https://scryfall.com/card/eoe/164/terrapact-intimidator,13fe3358-fd68-4245-a2ad-aa9200cf4655
,142943,EOE,165,en,U,Territorial Bruntar,{4}{R}{R},6.0,Creature — Beast,Julie Dillon,0.04,0.06,0.12,0.01,https://cards.scryfall.io/large/front/d/b/dbb25585-6048-4a85-828e-675bf0da6508.jpg?1752947221,https://scryfall.com/card/eoe/165/territorial-bruntar,dbb25585-6048-4a85-828e-675bf0da6508
,142945,EOE,166,en,U,Vaultguard Trooper,{4}{R},5.0,Creature — Kavu Soldier,David Palumbo,0.06,0.04,0.12,0.01,https://cards.scryfall.io/large/front/3/6/36afe3b1-43a2-47b4-bc0a-24efb1e2e5a0.jpg?1752947227,https://scryfall.com/card/eoe/166/vaultguard-trooper,36afe3b1-43a2-47b4-bc0a-24efb1e2e5a0
,142947,EOE,167,en,R,Warmaker Gunship,{2}{R},3.0,Artifact — Spacecraft,Julian Kok Joon Wen,0.18,0.27,0.14,0.01,https://cards.scryfall.io/large/front/9/e/9e5957f4-1cae-4989-8b40-27fc6e2fcf5e.jpg?1753296635,https://scryfall.com/card/eoe/167/warmaker-gunship,9e5957f4-1cae-4989-8b40-27fc6e2fcf5e
,142949,EOE,168,en,R,Weapons Manufacturing,{1}{R},2.0,Enchantment,Marco Gorlei,2.3,2.8,2.14,0.33,https://cards.scryfall.io/large/front/a/0/a058f1a6-318c-4bba-981e-ace079ada806.jpg?1752947235,https://scryfall.com/card/eoe/168/weapons-manufacturing,a058f1a6-318c-4bba-981e-ace079ada806
,142951,EOE,169,en,U,Weftstalker Ardent,{2}{R},3.0,Creature — Drix Artificer,Valera Lutfullina,0.39,0.46,0.32,0.01,https://cards.scryfall.io/large/front/c/d/cddb48cc-8eb1-47ce-90f0-7aad1e93e2c4.jpg?1752947241,https://scryfall.com/card/eoe/169/weftstalker-ardent,cddb48cc-8eb1-47ce-90f0-7aad1e93e2c4
,142953,EOE,170,en,C,Zookeeper Mechan,{1}{R},2.0,Artifact Creature — Robot,Justyna Dura,0.1,0.16,0.07,0.01,https://cards.scryfall.io/large/front/8/d/8d5cd0be-4337-4aba-a4f6-5adab7735a73.jpg?1753120476,https://scryfall.com/card/eoe/170/zookeeper-mechan,8d5cd0be-4337-4aba-a4f6-5adab7735a73
,142955,EOE,171,en,U,Atmospheric Greenhouse,{4}{G},5.0,Artifact — Spacecraft,Sergey Glushakov,0.07,0.07,0.04,0.01,https://cards.scryfall.io/large/front/b/f/bf05e378-7a0c-49e3-8c6e-c0fd56796434.jpg?1753296467,https://scryfall.com/card/eoe/171/atmospheric-greenhouse,bf05e378-7a0c-49e3-8c6e-c0fd56796434
,142957,EOE,172,en,R,Bioengineered Future,{1}{G}{G},3.0,Enchantment,Constantin Marin,0.35,0.62,0.02,0.01,https://cards.scryfall.io/large/front/8/0/800ee479-c1dc-4dd0-9b98-436c78997958.jpg?1752947252,https://scryfall.com/card/eoe/172/bioengineered-future,800ee479-c1dc-4dd0-9b98-436c78997958
,142959,EOE,173,en,C,Biosynthic Burst,{1}{G},2.0,Instant,Loïc Canavaggia,0.06,0.19,0.09,0.01,https://cards.scryfall.io/large/front/6/d/6d73a4a8-5d52-4c12-a96a-45cd202bcc62.jpg?1752947258,https://scryfall.com/card/eoe/173/biosynthic-burst,6d73a4a8-5d52-4c12-a96a-45cd202bcc62
,142961,EOE,174,en,C,Blooming Stinger,{1}{G},2.0,Creature — Plant Scorpion,Alexandre Honoré,0.06,0.03,0.03,0.01,https://cards.scryfall.io/large/front/2/e/2ee859bd-d99c-4b1d-9372-7ff4fc1e8c6a.jpg?1752947262,https://scryfall.com/card/eoe/174/blooming-stinger,2ee859bd-d99c-4b1d-9372-7ff4fc1e8c6a
,142963,EOE,175,en,U,Broodguard Elite,{X}{G}{G},2.0,Creature — Insect Knight,Paolo Parente,0.15,0.17,0.12,0.01,https://cards.scryfall.io/large/front/0/8/08b1d019-65ab-4dea-9076-041fd6338a35.jpg?1752947266,https://scryfall.com/card/eoe/175/broodguard-elite,08b1d019-65ab-4dea-9076-041fd6338a35
